Username,Country,Title,Date Watched,Percentage Watched,Rating
nguyenjames,Namibia,To All The Boys: Always And Forever,2022-07-26,20.15613208969941,R
ericramirez,Azerbaijan,Iceman,2022-09-29,76.7244869129415,TV-Y7
ccole,Saint Vincent and the Grenadines,Almost Love,2022-08-11,1.71332561459141,TV-MA
russellbrandon,Kyrgyz Republic,She-Ra and the Princesses of Power,2023-03-12,15.677891309727077,R
courtneydavis,Guam,Uncovered,2023-03-14,2.4445217235445016,TV-MA
wendywright,Faroe Islands,White Chamber,2022-08-26,20.280688617516596,TV-14
benjaminvilla,Gabon,Igor,2022-07-04,56.03130377449944,TV-Y7
scottjames,Mongolia,LA 92,2022-09-21,13.535800409801224,TV-MA
nicolefernandez,Gambia,Paris Is Burning,2023-06-02,73.84791007572403,TV-PG
zguzman,Romania,The Block Island Sound,2022-11-05,10.049479608938249,TV-MA
hallcody,Tonga,Simplemente Manu NNa,2022-07-22,96.94380534628215,TV-Y7
ekerr,Mayotte,Killing Them Softly,2022-10-14,12.224760140918079,TV-G
bsmith,Tonga,The Flintstones,2022-08-15,63.870759657828145,TV-MA
qmeyers,Malaysia,The Great Heist,2022-11-16,85.87412390981831,TV-MA
xclark,Monaco,The Ridiculous 6,2022-09-09,15.875049994444668,PG-13
sshea,Reunion,The Bachelor,2022-07-23,80.59142714654092,TV-MA
hudsonhunter,Cuba,Motu Patlu: Mission Moon,2023-04-27,16.60713950119572,TV-MA
debrabryant,Greece,Gurgaon,2022-09-06,18.199670810876846,TV-MA
karen83,Cayman Islands,Spirit: Riding Free,2022-11-13,6.729090288949536,TV-PG
debradavid,Western Sahara,Down The Fence,2022-09-05,25.967036832996705,TV-PG
andrea95,Trinidad and Tobago,Off Camera,2023-04-02,44.46156255310692,TV-Y
amber31,Uruguay,Mystic Whispers,2022-07-13,83.55935858319262,TV-14
rwinters,South Georgia and the South Sandwich Islands,The Violin Player,2023-06-11,56.38479909256766,TV-MA
brandi27,Dominican Republic,Bbuddah Hoga Terra Baap,2023-02-02,3.235103172139453,TV-Y7
anthony47,Saint Helena,Deathgrip,2022-12-12,1.6314106193682787,TV-MA
ocollier,Korea,The Russian Revolution,2022-12-25,19.306720019269562,TV-MA
joseph90,Guyana,Chhota Bheem And The Crown of Valhalla,2023-05-22,0.8256401395881685,TV-Y
caldwelljeffery,Cook Islands,Boogie Nights,2023-05-19,24.19056889619251,TV-PG
devintucker,Timor-Leste,Kidnapping Stella,2023-01-22,72.28653086527201,TV-14
fyoung,Bahamas,For the Broken Hearted,2022-11-18,80.6702313946269,TV-MA
carlaabbott,Poland,Atypical,2022-07-10,24.42739392414971,TV-PG
randy80,Anguilla,Mine,2022-12-27,47.82329785323114,TV-14
scottjames,Azerbaijan,Justice,2022-10-09,56.79357635451089,TV-MA
kimberly80,Puerto Rico,Hide and Seek,2022-06-17,94.85604334964306,TV-G
crossjoseph,San Marino,Movie 43,2022-09-24,40.3975911059852,TV-14
brownshelby,Wallis and Futuna,Bat Pat,2022-06-20,61.30968774751294,TV-14
martha07,French Guiana,Sex Doll,2022-11-05,25.711093468862334,NR
cassidy79,Iran,Melodies of Life - Born This Way,2022-11-18,68.73849200712428,TV-14
xlopez,Bosnia and Herzegovina,Power Rangers Jungle Fury,2023-05-30,39.175176392109194,TV-14
jennifer28,Honduras,Ultraviolet,2023-05-17,34.45249095102931,TV-PG
jonathan87,Bolivia,Power Rangers Super Samurai,2023-05-28,24.070186247630275,TV-MA
douglas11,Congo,Bucket List,2023-06-03,65.30937034554299,TV-Y
paulallen,Guinea,The Haunting of Bly Manor,2023-04-13,95.22308026184612,TV-14
psanchez,British Indian Ocean Territory (Chagos Archipelago),Good Luck,2022-08-26,14.896475213642447,TV-14
tamara30,Nauru,The Next Skin,2023-04-08,55.18096857665918,TV-MA
james13,Afghanistan,She,2022-12-16,29.106518352857226,TV-14
elizabeth48,French Polynesia,12 ROUND GUN,2022-09-13,29.521724490225733,TV-MA
herreraphillip,Andorra,Bill Hicks: Reflections,2022-10-19,98.82533496856875,TV-MA
bsantiago,Micronesia,Ha Unlimited,2023-05-08,55.23643652409,TV-14
evansvictoria,San Marino,Record of Ragnarok,2022-12-10,44.5304834083877,TV-14
ashleyromero,India,Chaman Bahaar,2023-05-19,69.47824991215847,NR
halleric,Malawi,100% Halal,2022-07-19,91.06751724958646,PG-13
qbutler,Jordan,The Skin of the Wolf,2023-04-12,37.38903604604009,R
smithdouglas,Nepal,In the Shadow of the Moon,2023-05-03,72.89385439934297,TV-MA
stephanie43,Mauritania,Immortal Classic,2022-07-22,66.26977915497682,TV-MA
jenna27,Slovakia (Slovak Republic),Hell Fest,2022-07-12,3.611689166739518,PG-13
denise94,Guinea,Hikaru Utada Laughter in the Dark Tour 2018,2023-04-23,12.534418113411217,TV-14
juanramirez,Denmark,Tony Manero,2022-06-21,84.23178509698256,TV-MA
bakercindy,Montenegro,Boushkash,2022-09-25,69.3970174591234,R
amiller,British Indian Ocean Territory (Chagos Archipelago),Burning Cane,2022-10-11,48.313483630312426,TV-MA
josephwalker,Palau,Mighty Morphin Power Rangers,2022-08-13,40.313770637675795,TV-14
bsanchez,Liberia,Thunderbolt,2022-08-05,12.267296995254796,TV-MA
stephanierandall,United States Virgin Islands,Macchli Jal Ki Rani Hai,2023-03-16,14.087763500818351,TV-14
ryan76,British Virgin Islands,Paradise Beach,2023-03-27,93.75200929243455,TV-MA
kathygibson,French Southern Territories,Kraftidioten,2023-04-30,15.998645064603345,TV-PG
albertgray,Cayman Islands,Crazyhead,2023-01-25,18.00710169124927,R
daniel84,Isle of Man,Godless,2023-01-01,74.67119305243037,TV-14
anthonypowell,Australia,The Strangers,2023-05-02,78.3292414590295,TV-PG
paustin,Kiribati,Gran Torino,2023-04-09,36.804556975901136,TV-MA
hernandezjacqueline,Montenegro,Trash,2023-01-22,24.67433085796119,TV-MA
donna49,Ukraine,Floor Is Lava,2022-08-09,89.6706560004978,TV-14
james60,Botswana,Big Time Rush,2023-05-06,6.758009851357816,TV-14
millersamuel,Malaysia,MILF,2022-07-04,60.37069692127115,TV-MA
jacksonmichael,Venezuela,Evil Genius,2022-10-20,86.3171570480773,R
harmonanthony,Malawi,Heartbreak High,2022-12-28,55.04790130360446,TV-MA
laura78,Western Sahara,Cadaver,2022-12-24,89.11915193795471,PG
chelsea45,Malaysia,Sabrina,2022-12-17,59.214013449248704,TV-14
stevenmathis,Seychelles,Jewel's Catch One,2022-06-25,18.382099944964825,PG-13
scastillo,Niger,Suits,2022-07-02,75.90125010875593,TV-MA
taylormitchell,Malawi,Mad Money,2022-08-16,9.933968449153419,PG
ana43,Russian Federation,Iron Cowboy: The Story of the 50.50.50,2023-03-13,19.744492710178296,PG
cervantesruben,San Marino,Disjointed,2022-10-13,2.029956179088177,TV-14
jwilliams,Netherlands,Inmates,2023-02-28,80.67124501841661,TV-14
knoxsherri,Hungary,Leila,2023-06-06,95.97673843710531,TV-MA
judy47,Belize,The Devil's Mistress,2023-02-22,70.55575944746136,TV-MA
edwardsjennifer,Australia,Lil Peep: Everybody’s Everything,2022-11-21,1.4414376414423113,R
ashley83,Kyrgyz Republic,Girlfriend's Day,2022-09-13,27.510898523508864,TV-14
scottjames,Azerbaijan,The Stolen,2023-04-12,41.6297272787166,TV-MA
janetfaulkner,Taiwan,Haider,2022-09-03,66.64781597830381,PG-13
nathan48,Korea,George Lopez: We'll Do It For Half,2022-12-09,29.999862608711926,TV-Y7
kellykelley,South Africa,Dolly Parton’s Christmas on the Square,2023-01-02,56.93751196275285,R
marshallstephanie,Suriname,Dhamaal,2023-04-28,14.539015379787868,TV-MA
katherinehartman,Iran,Forbidden Games: The Justin Fashanu Story,2022-07-06,40.376501128371224,TV-MA
michael65,Guyana,The Midnight Gospel,2022-07-08,14.477042141276463,TV-14
roseomar,French Polynesia,Bhoot,2023-01-05,82.03999790183973,TV-PG
hudsonchristine,Madagascar,Monty Python's Fliegender Zirkus,2022-10-12,38.265454722808876,TV-14
catherinepatel,Cayman Islands,Connected,2022-10-08,28.08897721835152,TV-PG
tiffanybutler,Burundi,LEGO Elves: Secrets of Elvendale,2023-04-22,92.16301115279278,TV-MA
mccormickdonald,Chad,Hangar 1: The UFO Files,2022-11-11,48.36441287301654,TV-PG
amber10,Slovakia (Slovak Republic),She Did That,2023-03-19,56.94957035026803,TV-PG
waltonronald,Kyrgyz Republic,The Knight Before Christmas,2022-10-24,10.900710084785704,TV-PG
lisagonzalez,Afghanistan,Extreme Engagement,2023-01-02,33.941908381286964,TV-MA
elizabethhall,Antarctica (the territory South of 60 deg S),Hungerford,2022-12-09,56.862947062423316,TV-MA
rodney65,Iceland,Sofía Niño de Rivera: Exposed,2022-08-06,35.54440769806685,G
amberadams,Canada,Half Girlfriend,2023-05-06,78.74220996788411,TV-14
troyharrison,Suriname,La casa de papel,2022-08-12,62.248876183833865,TV-MA
donnaharvey,Antarctica (the territory South of 60 deg S),ReMastered: Tricky Dick & The Man in Black,2023-01-06,31.504697538383684,TV-MA
howardjoseph,Costa Rica,Bomb Scared,2022-06-23,41.81473875540704,TV-14
jonesamber,Angola,Andhadhun,2023-01-12,71.32068479338581,TV-MA
lindsayhiggins,Guinea-Bissau,O Vendedor de Sonhos,2023-05-03,94.02929579730733,TV-MA
ztownsend,Mauritania,Burnistoun,2023-04-04,12.425399266733228,TV-MA
wmartin,Madagascar,Crime Stories: India Detectives,2022-09-07,29.25440625238095,TV-Y7
gibsonmatthew,Norway,The African Doctor,2022-11-16,72.60085000841936,TV-MA
hobbsjose,Bahrain,Barbie: The Princess & the Popstar,2023-04-03,66.45718130348641,TV-14
javier19,Finland,A Yellow Bird,2023-02-03,51.5694050144468,R
ttodd,Libyan Arab Jamahiriya,Bruno and Boots: Go Jump in the Pool,2023-05-30,43.589410477104565,R
crawfordkevin,Uruguay,InuYasha the Movie: Affections Touching Across Time,2023-03-06,85.69475548288075,TV-14
kristinajenkins,Norway,Bedtime Stories,2023-05-25,51.05212119565158,TV-14
dhenry,Australia,Simplemente Manu NNa,2023-02-02,96.95976431638104,TV-MA
whitneywoods,Nauru,Oct-01,2023-02-25,43.131470211020485,TV-G
browninganita,Mali,You Cannot Hide,2022-09-04,98.98593247410948,TV-Y7
stephengonzalez,Dominican Republic,Murder Mountain,2022-09-28,37.42806130489883,PG-13
adam76,Philippines,Enemigo íntimo,2023-02-19,62.68373795820131,PG-13
christina03,Falkland Islands (Malvinas),Umrika,2023-02-26,16.800264833072532,TV-G
scottpeters,Gambia,Jimi Hendrix,2023-05-13,77.31757547880032,TV-MA
perry54,Taiwan,Everyday Miracles,2023-04-26,42.553490189229905,TV-MA
tammy28,Dominica,Rainbow High,2023-02-20,92.14448964145001,TV-14
kimberlyking,Tanzania,Pretty Little Stalker,2022-12-26,77.28987854627046,TV-MA
benjaminbeard,Mauritania,Naruto Shippuden : Blood Prison,2022-08-03,15.474468678134489,R
lindsay82,Niger,Leah Remini: Scientology and the Aftermath,2022-11-20,64.17869827616245,TV-MA
areeves,Kuwait,Quartet,2022-10-09,91.78993196810183,PG
andrew50,United States of America,Vivah,2023-03-01,64.75594096924888,TV-MA
lpatrick,Mauritius,The Returned,2022-09-13,14.949336901356936,TV-14
william72,Germany,Shaitan,2022-07-22,89.36924295317372,TV-MA
jesus99,Belarus,Hans Teeuwen: Real Rancour,2023-06-11,62.222117919940054,TV-PG
tatkins,Switzerland,Power Rangers Mystic Force,2023-01-19,66.9223931176445,TV-MA
morgansteven,Turkmenistan,A 3 Minute Hug,2023-01-19,66.84678501769145,PG-13
lynn78,Qatar,George Lopez: We'll Do It For Half,2023-03-15,31.189034389754145,TV-14
gknox,Svalbard & Jan Mayen Islands,Trevor Noah: Son of Patricia,2022-08-24,28.283898328282664,PG
donnataylor,Nicaragua,Sadqay Tumhare,2023-02-02,67.23136857887579,TV-Y
kristajackson,French Guiana,Larceny,2023-02-27,41.61744625755166,TV-MA
millerdouglas,Chad,Deuces,2023-04-24,92.63885612000428,TV-MA
braydavid,New Zealand,November 13: Attack on Paris,2022-07-02,60.023877873148436,TV-14
fordrichard,Central African Republic,NCIS,2022-09-23,28.719627851472474,TV-14
jwilliams,Chile,Special 26,2022-07-01,76.29663561509274,TV-PG
kathleenferguson,Guinea-Bissau,Spotless,2022-11-10,5.429777939753155,PG
leewilliam,Sudan,A California Christmas,2023-05-10,7.8728491957008595,TV-14
rgoodman,Costa Rica,Luciano Mellera: Infantiloide,2023-06-13,59.191975161985425,TV-MA
nguyenantonio,Ukraine,Anelka: Misunderstood,2023-03-21,34.67002467820791,TV-Y7
perezgrace,Argentina,Anjaan: Special Crimes Unit,2022-11-28,83.99627303817977,TV-14
bryan39,Zambia,One Night Stand,2022-09-18,44.278718823451925,TV-PG
christy67,France,The Bridge Curse,2023-01-21,8.506727396960013,TV-14
watsonmichael,Gibraltar,Class of '83,2022-10-27,49.957822946421224,TV-PG
conwaybonnie,Kuwait,Disconnect,2022-12-25,43.653047242340435,TV-14
stokesdawn,Italy,Faraar,2022-07-21,68.2214953835764,TV-14
mking,Bahrain,Russell Madness,2022-07-27,3.9162274764295457,TV-14
wjohnson,Guernsey,Traffic Signal,2023-01-29,11.700556938542238,R
stevensingh,Malta,The Garfield Show,2022-10-15,54.364931468103016,UR
vanessacastaneda,Egypt,Malang,2022-10-25,3.7736300083769825,R
uoneal,Puerto Rico,Coach Carter,2023-01-19,86.03718472571259,TV-PG
amberescobar,Palestinian Territory,Enemigo íntimo,2023-05-14,73.88858692835075,PG-13
singhjesse,Cameroon,Apache: The Life of Carlos Tevez,2023-05-24,52.57065704166062,PG-13
devinsandoval,Uganda,In Between,2023-04-13,89.06799309906548,TV-MA
devinjohnson,Turkey,Born Strong,2022-08-13,82.85877310478052,PG-13
murphybryan,Grenada,Jen Kirkman: Just Keep Livin’?,2023-01-12,61.68496776151508,TV-MA
washingtonmark,Zimbabwe,No Reservations,2022-11-26,47.39890875062288,TV-14
kenneth37,Palestinian Territory,The Daily Life of the Immortal King,2023-02-24,91.73961716127513,TV-14
awang,Timor-Leste,Money Talks,2023-04-21,19.921699910889235,TV-MA
tcarr,Kenya,The Devil Below,2022-12-30,75.04124566347545,R
ble,El Salvador,InuYasha the Movie 3: Swords of an Honorable Ruler,2023-04-29,6.726126738407567,TV-14
jonathanlopez,Haiti,The Disciple,2023-06-10,62.66421030366506,TV-MA
fgarcia,Bhutan,Deadcon,2022-10-17,86.91741584480306,TV-14
sanderskristen,Bangladesh,Treehouse Detectives,2022-08-08,6.69064611768766,TV-MA
holly58,Hungary,Princess Cyd,2022-11-02,93.55197353355001,TV-14
winterslucas,Benin,Why Knot,2022-11-28,8.379326922129493,TV-PG
stephanie41,Norfolk Island,Ugly Aur Pagli,2023-02-15,20.441396343010354,PG-13
danielcastro,Burundi,The Package,2022-07-30,22.790130805750273,TV-MA
jonescaleb,Saint Lucia,Three Days of Christmas,2022-12-31,57.56300156155027,TV-PG
catherinepierce,Maldives,Tears of the Sun,2023-02-26,44.20805674865199,TV-Y
erussell,Andorra,Bakugan: Armored Alliance,2022-10-10,95.12174834528085,TV-14
johnbradford,Kazakhstan,Behind the Curtain: Todrick Hall,2022-07-25,84.5832098728059,TV-Y
sgutierrez,Tunisia,How to Sell Drugs Online (Fast),2023-03-31,48.74785598193881,TV-14
vlowe,Azerbaijan,IBOY,2022-10-22,65.41921513695983,TV-MA
rivasleah,Grenada,Tucker and Dale vs. Evil,2022-08-10,63.76954553111458,TV-14
matthew65,Thailand,Michael Che Matters,2022-08-21,15.455094326752949,TV-14
georgestacy,Tanzania,Agustín Aristarán: Soy Rada,2022-07-27,90.07665767431082,TV-MA
vanessa96,United Kingdom,Why Knot,2022-08-29,71.67497180755194,R
uvasquez,Guinea,Voulez-vous rire avec moi ce soir?,2023-05-07,44.68984995979388,TV-PG
bryanttimothy,Belarus,Dolly Parton: A MusiCares Tribute,2022-09-12,83.51933578982914,TV-G
rasmussenryan,Azerbaijan,Go Dog Go,2023-02-09,55.33966317847301,PG
emilytaylor,Korea,Locke,2022-11-22,92.11480817333153,PG
omartinez,Hungary,Left Behind,2023-01-29,34.95154701479303,R
david25,Saudi Arabia,Refugee,2023-02-20,59.079089880918154,TV-MA
brendanmiller,Panama,Case Closed,2022-12-06,2.912071207221012,TV-MA
stephaniebrennan,Kiribati,Mad Ron's Prevues from Hell,2022-11-14,94.23146754612162,TV-14
kennethphillips,Gambia,The Women's Balcony,2022-10-17,11.7189102774225,TV-14
shawngutierrez,Aruba,Marriage or Mortgage,2023-03-08,35.176075603214194,R
chase06,Uganda,Ankahi Kahaniya,2023-02-13,27.00336273193481,TV-MA
ylong,Montenegro,Luna Petunia,2022-07-02,28.17886236745456,TV-14
conwaybonnie,Kuwait,Teen Mom 2,2022-07-06,10.641600767375936,TV-14
jessica90,Myanmar,Color of Woman,2022-07-18,7.976720896698675,TV-MA
crawforddaniel,Mayotte,YooHoo to the Rescue,2023-03-16,36.497617237789356,TV-14
vwright,Dominican Republic,A Fall from Grace,2022-09-20,55.751719149577404,TV-MA
brownjeremy,Malta,Deep,2023-02-11,77.21724437185175,TV-G
arnoldscott,Russian Federation,NOVA: Prediction by the Numbers,2023-04-09,65.78170094124323,TV-PG
hgoodman,Libyan Arab Jamahiriya,Luccas Neto em: Acampamento de Férias 2,2022-10-31,35.04527929152811,TV-14
bensonjames,France,Blinky Bill: The Movie,2022-11-08,76.85162808386663,TV-G
warrendouglas,Ghana,Playing with Fire,2022-11-03,76.19177724983143,TV-MA
wayne39,Myanmar,Back with the Ex,2022-10-27,77.36987860607184,TV-14
arnoldanthony,Bolivia,Way Back into Love,2023-02-19,83.41131217109437,R
baileytanya,Botswana,Love Me or Leave Me,2023-03-15,17.659345700611663,TV-MA
zmartin,Antigua and Barbuda,Sofia the First,2023-01-04,2.9960118480817366,TV-MA
perezjason,Zambia,Viking Destiny,2022-10-28,30.126360550840502,TV-MA
alexandralee,Sao Tome and Principe,Philomena,2023-03-05,32.227897548846215,TV-Y7
mark93,South Georgia and the South Sandwich Islands,Act of Valor,2023-05-15,72.1507368300867,TV-G
jamesglass,Cook Islands,The D Train,2022-11-25,64.7706376607728,TV-14
hernandezjacqueline,Montenegro,Jingle Jangle: A Christmas Journey,2023-04-13,8.928934236332896,TV-14
farmershane,Bouvet Island (Bouvetoya),High & Low The Red Rain,2022-10-29,81.79030410111427,TV-MA
stephanieporter,Bulgaria,Poacher,2022-10-25,3.4714020549832747,TV-G
jessica98,Georgia,Poms,2022-06-27,83.63252061140253,TV-14
austinwhite,Bulgaria,I Got the Hook Up,2022-11-19,28.198419269406884,TV-MA
brittanyperez,Madagascar,Cocaine,2023-01-07,44.822021089895614,TV-14
timothy56,Finland,Apaharan,2022-08-13,50.12723433991503,TV-MA
brockpatricia,Monaco,Jo Koy: In His Elements,2022-11-29,56.08163223609669,TV-G
stokesdawn,Italy,Watchman,2022-09-23,28.86840064046867,TV-MA
awalsh,Cayman Islands,Pretty Man,2023-02-20,75.4669204770975,R
oliverbrandi,Saint Vincent and the Grenadines,The Princess Switch,2023-01-23,71.87227854602223,R
julie87,Western Sahara,Welcome to Sajjanpur,2023-05-14,92.5136590106523,TV-MA
david95,Christmas Island,Age of Glory,2023-06-07,29.455462987743996,TV-MA
goodamy,Barbados,ReMastered: The Miami Showband Massacre,2022-07-07,49.55423374511554,TV-MA
graymichael,Brazil,Aftershock,2023-01-21,65.95125485205091,TV-PG
karen46,Netherlands Antilles,Camp X-Ray,2023-05-25,66.04043902506662,TV-14
dakota53,Barbados,The OA,2023-03-24,7.033168434901016,R
terry52,Central African Republic,A Separation,2022-12-31,8.40011487684944,TV-14
vargastiffany,Cook Islands,The Liar,2023-02-20,1.6201269371171167,TV-MA
wschultz,Saint Martin,Anthony Jeselnik: Fire in the Maternity Ward,2022-07-14,40.13748653140902,TV-MA
sgalvan,Azerbaijan,Holiday Home Makeover with Mr. Christmas,2023-06-04,10.998009423375377,TV-PG
colonmartin,San Marino,The Little Switzerland,2022-10-03,67.99809221609274,TV-G
kelly50,South Georgia and the South Sandwich Islands,Catfight,2022-09-25,97.82903291825674,TV-MA
caseyjanet,Libyan Arab Jamahiriya,Naruto Shippuden: The Movie,2023-03-15,11.666963217314063,PG-13
charlespalmer,Nigeria,Hard Lessons,2023-01-05,7.650318492770925,TV-MA
lmunoz,Qatar,Peaky Blinders,2023-03-21,21.825491985446355,TV-MA
jonathan96,Antigua and Barbuda,Thieves of the Wood,2022-06-15,87.09437072432186,PG-13
xkent,Tonga,Kopitiam,2022-07-25,99.56272191252692,TV-14
xsmith,Puerto Rico,Masters of the Universe: Revelation,2022-10-27,30.129621681110642,TV-Y
andrewchang,French Polynesia,The Heat: A Kitchen (R)evolution,2023-03-23,69.43263447657115,TV-MA
mark19,Togo,A Week Away,2023-05-14,30.833708980775153,TV-14
donaldbennett,Ethiopia,Rurouni Kenshin: The Final,2023-04-03,12.716582074775062,NR
hooveramanda,Falkland Islands (Malvinas),Amar Akbar & Tony,2022-10-24,52.91861154767924,TV-Y
vjohnson,Ireland,Occupied,2023-03-01,85.1210566428907,PG
zmorrow,Czech Republic,Monster High: New Ghoul at School,2022-10-18,96.80318065324775,TV-PG
rgross,Liechtenstein,Raajneeti,2022-08-26,95.30869063611101,R
rebekah44,Yemen,Kongsuni and Friends,2022-07-17,14.646518001650621,TV-PG
greerjohn,Korea,Gagarin: First in Space,2023-06-10,7.935763935475437,TV-PG
cynthiataylor,Chile,Operation Christmas Drop,2022-11-20,52.4751725680774,TV-14
wrandall,Equatorial Guinea,Elite Short Stories: Nadia Guzmán,2023-01-22,70.0748969645694,TV-MA
ymartin,Chile,Savita Damodar Paranjpe,2023-01-26,94.69894409132624,TV-PG
victoriajacobs,Monaco,PNL - Dans la légende tour,2022-12-08,60.25244496763816,NR
mcconnelljoseph,Guinea-Bissau,Khoon Khoon,2022-07-10,67.84511328993679,TV-G
ovelez,Poland,Red Dot,2022-12-13,36.59480626116884,TV-MA
alvarezpaula,Maldives,Miniforce X,2022-07-27,89.88236276666603,TV-14
danielmcguire,Israel,Chief Daddy,2022-11-26,48.98389886297252,TV-14
barbarahoffman,Greenland,The World We Make,2023-03-02,26.48001919116546,TV-PG
sharris,Holy See (Vatican City State),Honey: Rise Up and Dance,2023-03-28,91.55968709481742,TV-14
carriehernandez,Israel,French Dirty,2023-04-02,54.58173663644275,PG-13
vhall,Rwanda,Danur: I Can See Ghosts,2023-01-31,39.39081070601469,PG
caseyheather,Brunei Darussalam,Dilwale,2022-11-11,76.53867863700627,TV-G
jgonzalez,Somalia,A Christmas Catch,2022-08-02,10.802505424464615,TV-14
ischmidt,Chile,15-Aug,2022-10-29,76.90799556900843,TV-14
benjaminmanning,Croatia,Jeans,2022-12-17,98.77953556882288,TV-PG
rshah,Papua New Guinea,The Sniffer,2022-07-09,50.914131854157915,TV-PG
kristenibarra,Djibouti,When Hari Got Married,2023-05-03,76.29349042774847,TV-MA
dwright,Qatar,Kaabil,2022-10-18,7.185505220201294,TV-MA
walkerolivia,Nigeria,Mariah Carey's Merriest Christmas,2023-02-15,69.75144403892011,TV-MA
brucecook,Macao,No Game No Life,2023-04-06,50.9011064369305,PG-13
dennis14,United States of America,Gilmore Girls,2023-01-08,52.25577004459564,TV-MA
ngilmore,Kenya,Frozen Planet: The Epic Journey,2022-11-20,79.62177560393641,TV-MA
william44,Serbia,Catfight,2023-03-29,0.2579673700383145,NC-17
sarahbrown,Mali,Transformers: Robots in Disguise,2022-11-23,80.87473471281223,PG-13
carolporter,Estonia,Scandal,2022-10-13,74.26398945282116,TV-MA
smithrenee,Grenada,American Beauty,2022-09-21,29.398129497412995,TV-14
wbeard,Turkmenistan,Tersanjung the Movie,2022-12-02,72.20564913983699,TV-14
zbaker,French Southern Territories,Vexed,2022-12-21,34.89041051046573,TV-MA
robert19,Brazil,The New Romantic,2022-07-15,68.42969225281334,TV-MA
david22,Burkina Faso,Paradise Beach,2022-07-07,34.15519236725238,PG-13
patricia82,Qatar,Violet Evergarden: Special,2022-10-22,37.3521669480933,R
ashley08,Cocos (Keeling) Islands,The Ritual,2023-03-22,74.74084329294602,TV-MA
paul69,Azerbaijan,The Disaster Artist,2022-08-30,97.54640460023323,TV-MA
dale27,Canada,Qué pena tu serie,2022-06-20,84.47806682690936,TV-MA
zlucas,Saint Barthelemy,Goldstone,2022-06-19,49.169611351852105,TV-MA
john37,Kenya,National Bird,2022-06-24,33.47643797838219,TV-MA
amcdonald,Sweden,Parchís: the Documentary,2023-05-29,69.06814117499454,TV-MA
mitchell59,Chile,What a Wonderful Family!,2023-01-25,31.708777717743995,TV-MA
vchandler,Czech Republic,"¡Ay, mi madre!",2022-10-01,51.04287024860669,TV-14
marie70,Montenegro,Sextuplets,2022-10-03,90.96706120529572,PG
pwhitehead,Mauritius,Saath Saath,2022-10-03,55.480724467823585,TV-MA
nicholasrogers,Netherlands,Harry Benson: Shoot First,2023-02-09,44.39179193232856,R
rbell,Botswana,Occupied,2023-04-25,21.31872098155416,TV-MA
jeremymiles,Poland,Brews Brothers,2023-03-03,75.76206015378125,G
lucasmatthew,Pitcairn Islands,Nevenka: Breaking the Silence,2023-02-06,72.46791835038154,R
gary13,Uruguay,The Crimes That Bind,2023-02-21,17.52861744538131,R
manndavid,Djibouti,Mubarakan,2022-12-08,67.38943387252351,NR
danielwagner,Greenland,Daughter From Another Mother,2022-09-26,61.66762785834501,TV-14
careyjonathan,Saudi Arabia,The Kite,2022-08-20,76.50425895519741,TV-MA
janetgomez,Paraguay,Deliha,2023-02-14,4.75793328991525,TV-MA
sgarrett,Spain,Gie,2022-09-27,57.75203203217703,R
philip10,Singapore,Term Life,2023-05-11,34.53109360380565,TV-14
curtistimothy,Nepal,The Hook Up Plan,2023-04-12,46.70726615882824,TV-MA
jack24,South Africa,Happy Valley,2023-06-15,40.102837737414035,TV-14
nferguson,Pitcairn Islands,Mr. Sunshine,2022-08-12,35.724219917076105,R
dana18,Japan,"Wait, My Youth",2023-03-02,47.45282241694541,TV-14
sarah18,Kyrgyz Republic,Children of Adam,2022-09-03,59.682706256456164,TV-14
eharris,Lao People's Democratic Republic,Charmed,2023-01-23,46.56955362954167,TV-14
ehahn,Bahamas,Shooter,2023-01-29,5.324011162531006,R
tleblanc,Qatar,You Are My Spring,2022-11-30,31.327943421962658,TV-14
hguzman,Cocos (Keeling) Islands,YES DAY,2023-01-26,70.83522787887316,TV-MA
elizabeththomas,Australia,The Matrix Revolutions,2022-10-17,95.2483602247436,TV-MA
kgibson,Tonga,Spy Time,2023-04-11,9.497192241730257,TV-MA
pruittbobby,Tunisia,Sam Kinison: Live in Vegas,2022-12-22,51.06762405250447,TV-MA
aroberts,Nauru,Nurse Jackie,2022-09-19,13.971387792377321,TV-PG
campbellcaroline,Tonga,Demon Slayer: Kimetsu no Yaiba,2023-02-24,93.4322098210148,TV-14
danielcharles,Mauritius,Indoo Ki Jawani,2022-10-08,12.945070406523051,TV-14
john37,Kenya,Bending the Arc,2023-01-30,77.93552949699848,TV-MA
elowe,Netherlands Antilles,Jandino: Whatever it Takes,2023-05-09,56.725727335392364,PG
melissa98,Moldova,Dilan 1990,2022-09-20,49.31169398856989,TV-14
angela57,Togo,Ugly Delicious,2022-12-09,48.964202619220885,TV-14
dgomez,Djibouti,Ojos in d' House,2022-07-16,69.61505061212517,R
evanstephenson,Rwanda,Wannabe Courageous,2023-01-11,70.42303358343858,TV-MA
torreskelly,Greece,Osmosis,2023-04-02,62.90566764149601,TV-PG
ryanwise,Saint Barthelemy,Trollhunters: Rise of the Titans,2022-12-31,46.10730304153097,TV-MA
heidibrown,Kyrgyz Republic,Natalie Palamides: Nate - A One Man Show,2022-10-30,46.732245060801134,G
vargaskim,Bouvet Island (Bouvetoya),Operation Finale,2023-02-21,82.60709046788601,TV-MA
vargasdanielle,Iceland,Cities of Last Things,2022-09-12,0.18182541845175315,PG-13
jennifer48,Azerbaijan,Anwar,2022-08-31,58.79877054304864,TV-MA
nmaddox,Dominican Republic,Gangs of Hassepur,2022-06-20,61.07439938662781,TV-Y
patricia30,Fiji,Tremors,2022-10-08,57.00276689628142,TV-14
jturner,Iran,Last Ferry,2022-10-08,96.49083600860405,TV-MA
crawfordandrew,French Southern Territories,Wonder Boy,2022-10-20,66.84322275547714,TV-MA
denise39,Paraguay,Singapore,2022-12-03,8.380315998129984,TV-PG
victoria68,Monaco,The Outlaw Josey Wales,2023-04-14,22.44958178695193,TV-MA
anthony98,Senegal,Glee,2023-04-12,42.12689766891692,TV-PG
longrebecca,Mauritius,The Stronghold,2022-08-29,31.181913204815935,TV-MA
allison39,United Arab Emirates,Futmalls.com,2022-12-24,69.65173054241272,TV-MA
awilliams,Namibia,Nimbe,2022-07-10,4.140461316902444,TV-14
houstonthomas,Comoros,Mine,2023-01-30,48.949579336275384,TV-14
christina03,Falkland Islands (Malvinas),Trio and a Bed,2023-04-07,17.210333460920026,R
tross,Morocco,X Large,2022-10-25,31.081639450362054,TV-MA
deanna92,Mexico,Urzila Carlson: Overqualified Loser,2023-02-16,40.994252903629615,TV-14
jason22,Wallis and Futuna,TAU,2022-10-21,5.6630831271111015,TV-MA
laurastrong,Rwanda,Hank: Five Years from the Brink,2023-01-09,39.27551886417731,TV-14
rferguson,Netherlands Antilles,Empire of Scents,2023-01-11,48.3544466102908,TV-MA
patriciawalls,Iceland,Bo Burnham: Inside,2023-03-31,13.593669856712886,TV-14
tmelton,Maldives,Akulah Balqis,2022-11-28,79.20168188957581,TV-14
lduncan,Mali,Secret in Their Eyes,2023-05-02,59.9505592788049,TV-MA
baileytony,Sweden,Welcome Home,2022-11-01,24.03078271413197,TV-PG
harrismandy,Equatorial Guinea,New York Minute,2022-09-21,21.74420906425336,TV-PG
kwilson,Algeria,The Silence of the Marsh,2023-05-13,49.65133792201476,TV-PG
thomas28,Ireland,Bugs,2023-01-02,35.46760823290177,PG-13
buckcaitlin,Jersey,Together For Eternity,2022-07-31,3.5232645527819573,TV-MA
michelle99,Paraguay,Belief: The Possession of Janet Moses,2022-12-31,39.29545878664831,TV-MA
bakersierra,Indonesia,Camarón Revolution,2023-05-31,95.9380674300952,TV-MA
jonesrichard,Northern Mariana Islands,ChuChu TV Nursery Rhymes & Kids Songs (Hindi),2023-03-08,34.380363668039074,TV-14
michaelweaver,Micronesia,Inside the Mind of a Serial Killer,2022-06-27,46.72884136827695,TV-Y7
harriswayne,Argentina,Creeped Out,2023-04-01,99.60786956761537,R
latoyasmith,Iraq,No Direction Home: Bob Dylan,2023-03-31,35.46923764988617,PG-13
qrivera,Palau,BONDING,2022-11-20,60.15997402219412,TV-14
christinestephens,French Polynesia,A Gray State,2023-05-15,40.57411720854069,R
lambertroger,Singapore,Haider,2022-12-01,96.94698900605357,TV-MA
ashley83,Kyrgyz Republic,The Paper Tigers,2022-11-07,6.336933100311648,TV-MA
ecollins,Tanzania,Transformers: Robots in Disguise,2023-02-19,28.128769674124708,TV-MA
hcowan,Bangladesh,Seven Seconds,2023-04-07,55.850161786548384,TV-MA
elliottkatherine,Latvia,The Stolen,2022-07-12,26.075027715691302,TV-MA
wdrake,Niue,Stand Up and Away! with Brian Regan,2022-08-15,46.82956035033195,TV-PG
daltonreid,Kazakhstan,Loco Love,2023-05-08,89.58919968472289,TV-Y
esanders,Lao People's Democratic Republic,Mike Epps: Don't Take It Personal,2023-06-10,17.06582597049128,TV-MA
sarahgould,Zambia,Rivaaz,2022-09-25,85.52126936755336,R
colleengarrett,Belgium,You're Everything To Me,2022-10-28,31.224052591507245,TV-MA
ejones,Dominican Republic,The Boss's Daughter,2023-05-10,38.280098320602086,TV-MA
cyoung,Trinidad and Tobago,Unbreakable Kimmy Schmidt,2022-08-07,76.27938563413488,TV-MA
fjones,Puerto Rico,Shorts,2023-03-23,70.72359337661706,TV-Y7
zvelazquez,Nicaragua,The Student,2022-12-25,80.61889603275829,TV-MA
gonzalezjennifer,Holy See (Vatican City State),Sudani from Nigeria,2022-10-11,47.006582610446976,TV-MA
todd77,Maldives,Stay Tuned!,2023-02-26,93.06144084473948,G
andrea74,Sierra Leone,Krystal,2022-07-13,20.589822957486636,TV-Y
ugarner,Chile,Close Enemies,2022-08-10,6.767933233442802,TV-MA
misty05,Kyrgyz Republic,War Dogs,2022-07-27,81.8071932128919,TV-MA
raven30,Jordan,God's Not Dead: A Light in Darkness,2022-12-08,56.93422543095134,TV-PG
bobbennett,Fiji,My True Friend,2022-11-17,55.18281440021342,R
destinyhaney,Central African Republic,Sweetheart,2022-07-10,73.98005813152369,TV-MA
kevindean,Iraq,The International Player,2023-05-17,14.565852642834198,TV-MA
lauren27,Myanmar,Robin Hood: The Rebellion,2022-11-28,2.404631988393746,R
griffinjessica,Guatemala,72 Dangerous Animals: Latin America,2023-05-17,19.010907976763903,TV-14
bradshawjohn,Belarus,Cocomong,2023-02-01,92.83862834694251,TV-MA
tinathomas,Jersey,Hostages,2023-02-22,39.52678057543859,TV-MA
carolporter,Estonia,Kucch To Hai,2023-05-15,89.16629066606122,R
rodneycarter,Niger,The Playbook,2022-10-10,98.23549441574116,TV-14
johnsonjoseph,Timor-Leste,Project S The Series,2022-09-26,11.857794417605582,PG
rhayes,Poland,Jhansi Ki Rani,2022-11-09,97.9845446066453,TV-MA
clarkmichael,Italy,Disconnect,2023-03-29,96.91758110554751,TV-Y7
miguelwoods,Finland,Spyder,2023-03-18,96.47170113318964,TV-14
danielharris,Ecuador,Thackeray (Marathi),2022-10-14,39.284538879041406,TV-MA
eric45,French Polynesia,After Porn Ends,2023-06-06,43.41965312848545,TV-14
zachary88,Guyana,I Got the Hook Up,2023-06-04,58.0828842904494,TV-Y
patrickhampton,Sao Tome and Principe,El Barco,2023-03-13,79.64451621107416,PG-13
sotosean,Haiti,The Indian in the Cupboard,2022-08-30,61.390327398647294,TV-MA
rachel80,Cayman Islands,American Crime,2022-09-29,2.7149854383242134,TV-MA
inguyen,Seychelles,Thomas and Friends,2023-04-12,76.80429661892938,TV-MA
bphillips,Korea,반드시 잡는다,2022-08-10,89.81542492337384,TV-Y7
rodrigueztimothy,Samoa,Jerry Before Seinfeld,2023-03-25,1.3654040070595674,TV-14
bryanmorgan,Mauritius,S Storm,2022-08-21,0.684858897554208,TV-MA
catherinesmith,Tokelau,The Untold Tales of Armistead Maupin,2023-05-29,92.785202945218,TV-MA
zwarren,Montenegro,The Day I Met El Chapo,2022-12-20,8.068696989970425,TV-14
mbuchanan,Cyprus,Kevyn Aucoin: Beauty & the Beast in Me,2022-10-14,0.07170637618100217,TV-Y
eduardo63,El Salvador,Natalia Valdebenito: Gritona,2022-10-11,90.41737240278222,TV-MA
johnsontonya,Italy,The Chosen Ones,2022-07-13,87.40348262382876,TV-14
mgarcia,Guyana,Border Security: America's Front Line,2023-05-12,39.558237812811335,TV-MA
zmorris,Portugal,Sadie's Last Days on Earth,2022-09-10,36.71671351586412,TV-MA
bethany84,Mali,See You in Time,2023-01-25,77.14817058372302,TV-MA
foxpaul,Congo,Ishqiya,2022-10-20,36.02368908992513,TV-MA
dianaperkins,Netherlands,Small Town Crime,2022-09-30,64.23148181134158,TV-14
cuevasrebecca,Palau,Can't Help Falling in Love,2023-02-28,81.99143556964916,TV-MA
mirandascott,Bolivia,Felipe Esparza: Bad Decisions,2022-08-24,22.7125055902361,TV-14
ldudley,Anguilla,MANK,2023-02-11,40.72865612544951,TV-Y7
cassidy79,Iran,Chillar Party,2023-01-21,70.29875580937171,TV-14
christopherclark,Bolivia,Shahanpan Dega Deva,2022-11-17,88.28573334675858,TV-MA
xnelson,Netherlands,Rogue Warfare: The Hunt,2022-11-12,73.27855117195429,TV-Y
hortonbrianna,Austria,Finding Agnes,2023-02-13,68.71557382669303,TV-14
bethany66,Saint Helena,Strawberry Shortcake: Berry Bitty Adventures,2023-05-25,43.41765864091918,TV-14
tracyrobinson,Grenada,Floor Is Lava,2023-01-04,11.160622246264806,TV-MA
patricia82,Qatar,Brave Animated Series,2023-06-06,56.76580268965857,TV-MA
harmonkelly,Malaysia,"Love, Chunibyo & Other Delusions!",2023-06-11,61.96228496995913,TV-MA
daltonbryant,Philippines,Confusion Na Wa,2022-10-26,16.077615489872354,R
ulloyd,Lao People's Democratic Republic,Dancing Quietly,2023-05-12,69.2072239597256,TV-Y7
terry52,Central African Republic,Living in Bondage: Breaking Free,2023-03-29,88.24517014228233,TV-Y
christopher97,Liberia,She's the One,2023-04-28,52.0090034843665,TV-MA
sarah18,Kyrgyz Republic,Barsaat,2022-10-16,73.96735287306288,PG-13
oneilljohn,Ethiopia,The Last Blockbuster,2022-09-26,82.46348277770849,TV-PG
kmarks,Croatia,Rocky,2022-09-21,5.664948754845501,PG-13
browngeorge,Rwanda,Seven Souls in the Skull Castle: Season Wind,2023-03-01,58.792244993095146,PG-13
lgonzalez,Holy See (Vatican City State),Avatar: The Last Airbender,2023-05-09,25.646991309174506,TV-14
mrivera,Georgia,Fullmetal Alchemist: Brotherhood,2023-01-19,76.22046094730041,TV-14
morserebecca,Jamaica,Sab Jholmaal Hai,2023-04-22,8.896202254284768,TV-14
timothywhitaker,Spain,Mango Dreams,2022-12-25,11.187438355254342,TV-MA
carol49,Trinidad and Tobago,The Lobster,2022-10-30,3.6386892565849815,PG-13
curtis99,New Zealand,The Blue Umbrella,2023-01-24,19.296305193778927,TV-14
rebecca38,Lao People's Democratic Republic,Sometimes,2022-06-19,70.08514220523067,G
shannon57,Bolivia,Barfi!,2022-12-18,82.1091011322869,TV-14
andersonbryan,Bolivia,Hunter in the Blue Side of Manchester,2023-03-05,79.3282003401608,TV-MA
bsilva,Benin,The Spy Who Fell to Earth,2022-09-02,81.90345370555583,TV-14
teresa48,Kiribati,Rookie Historian Goo Hae-Ryung,2022-09-27,55.37019342909668,TV-MA
felicia78,Saint Helena,2015 Dream Concert,2022-11-18,50.20182972606562,TV-14
elizabethdixon,Slovenia,The Princess Switch: Switched Again,2022-08-30,35.97772049700286,TV-PG
cathy97,Lithuania,Omo Ghetto: the Saga,2022-10-10,58.20022448833861,TV-MA
jevans,Barbados,Barah Aana,2023-05-19,41.02834153105397,TV-14
olowe,Ecuador,Dinotrux Supercharged,2023-02-11,84.42232767254437,R
ksummers,Djibouti,Mystic Pizza,2022-11-11,7.3853047299770935,TV-PG
frederick06,British Indian Ocean Territory (Chagos Archipelago),Death Can Wait,2023-03-07,59.37039371575781,TV-MA
ebaker,Wallis and Futuna,Anchor and Hope,2023-03-07,15.638468201511069,TV-Y7
nathanmarshall,Timor-Leste,Rishta.com,2022-12-31,31.355042322278436,TV-MA
ubennett,Grenada,Paying Guests,2023-02-22,18.064937851454953,TV-MA
mary27,Comoros,"Crouching Tiger, Hidden Dragon: Sword of Destiny",2022-07-20,77.95171910590697,TV-Y
jacobstephens,Tanzania,3 Idiots,2023-02-06,95.72001386689642,TV-14
ronald66,Montserrat,The Cruise,2022-12-14,7.416676483719842,TV-14
jeremybutler,Turks and Caicos Islands,Blood Father,2022-08-12,12.15584853564562,TV-MA
cannonmonica,Korea,Dérè: An African Tale,2022-06-17,24.633509452927306,R
joshuahaas,Albania,The Son,2023-06-07,19.81330351805196,TV-14
vstewart,Montenegro,Sinister Circle,2022-07-02,82.77344064986382,NR
robbinsjonathan,Cote d'Ivoire,When Love Happens,2022-07-12,38.244973573180744,TV-14
michael97,Isle of Man,Masameer - The Movie,2022-09-21,5.964129754231761,TV-MA
dsimon,Chad,Grandmother's Farm,2023-02-25,39.561334132892725,R
raymondchristopher,Spain,American Anarchist,2022-12-19,64.03835577560216,TV-MA
ythompson,Cyprus,Planet Earth: The Complete Collection,2022-08-02,12.598274062779335,TV-14
christopher69,Malaysia,Hunt for the Wilderpeople,2022-09-08,15.832386347097883,TV-PG
mcfarlandjonathan,Tunisia,Skylines,2023-01-23,5.681121564498682,TV-MA
sarah10,Vietnam,Good Luck,2022-09-24,24.462408877988484,TV-14
erica80,Reunion,Euphoria,2023-04-19,14.756563847802385,TV-PG
morashannon,Saint Barthelemy,The 3rd Eye 2,2022-09-29,76.64627013789075,TV-MA
richard55,Gabon,The Perfect Dictatorship,2023-05-17,62.00520665843969,TV-MA
stephenarmstrong,Czech Republic,John Day,2023-04-27,3.6200750300866225,R
katie96,French Southern Territories,As Good as It Gets,2022-07-30,32.24213687519628,TV-MA
monica45,Iraq,The Last Summer,2023-03-18,89.03470599702715,TV-PG
leonardnelson,South Georgia and the South Sandwich Islands,Medium,2022-08-07,10.093598091047241,TV-14
alexandra55,Netherlands Antilles,Bangistan,2023-05-21,83.5802755015595,R
samantha95,Falkland Islands (Malvinas),The Island,2023-05-23,24.469908463506187,TV-Y
bpatterson,Malaysia,Alibaba Aur 40 Chor,2023-03-28,82.28805869211007,TV-14
victoria47,Uganda,FIGHTWORLD,2023-02-04,92.27528927765418,TV-14
alexanderryan,Jersey,Jackie Brown,2022-07-22,12.51378706802625,TV-MA
lesliewillis,Northern Mariana Islands,Revolting Rhymes,2022-11-14,46.724588688233105,TV-14
grahamalyssa,Comoros,Homemade,2022-12-11,8.73062173739525,TV-MA
christianfreeman,Holy See (Vatican City State),The Debt Collector,2023-02-05,0.9606925672178024,TV-14
ronald28,Libyan Arab Jamahiriya,CIA: Comrade in America,2022-06-26,5.7821520112463,R
tmelton,Maldives,Dark Waters,2023-04-17,66.40629394826885,TV-14
thomas70,Colombia,Dragonheart: A New Beginning,2023-03-23,72.37645086984817,NR
stephanie98,Algeria,MindGamers,2022-11-24,27.820937349997077,TV-MA
kyle08,Guyana,Judah Friedlander: America Is the Greatest Country in the United States,2023-01-06,84.04848444042396,TV-MA
josephwells,Nepal,"Abdullah, The Final Witness",2023-04-03,3.7897808908163966,PG-13
heatherweiss,South Georgia and the South Sandwich Islands,Igor,2022-07-04,44.19529962629445,TV-14
dgross,Yemen,My First First Love,2022-09-13,25.919168878241074,PG-13
kevin64,Peru,Franco Escamilla: Por la anécdota,2023-01-29,27.013358824560505,PG
tmclean,Czech Republic,Planet Earth: The Complete Collection,2023-01-06,76.07190455159414,TV-MA
ashleyhess,Gambia,Legendary Weapons of China,2023-02-26,92.8702301947499,TV-MA
marie68,India,Teenage Bounty Hunters,2022-08-11,47.36166245309161,TV-MA
alexmiller,Northern Mariana Islands,Sling Blade,2023-05-16,49.958446594398666,TV-MA
murphyleah,Latvia,My Pride,2023-05-25,17.64355048973205,TV-MA
sanchezkeith,British Virgin Islands,All Hail King Julien: Exiled,2022-12-17,79.09632241684514,PG-13
qrobertson,Chile,Hurricane Bianca: From Russia With Hate,2022-12-27,55.92706799311576,TV-MA
owensstephen,Angola,The Binding,2022-10-24,84.40801270301394,TV-Y7
dwalton,Maldives,Aashayein,2023-04-16,45.43000101069954,TV-G
morrowheidi,Mali,Who Killed Malcolm X?,2022-12-22,36.79739139648485,R
davidhicks,Burkina Faso,AlphaGo,2023-04-19,7.150712631457845,TV-14
derek66,Gibraltar,Michael Lost and Found,2022-10-08,46.4862396461333,TV-MA
markbutler,Lebanon,The Chefs' Line,2023-04-25,47.01259447121691,TV-MA
wilsonmark,Namibia,My Girl,2022-07-08,54.34562647304496,TV-MA
christopher10,Nauru,RUSSELL BRAND: RE:BIRTH,2022-12-20,11.631039365739825,TV-PG
sotokrista,Philippines,American Heist,2022-12-31,2.818754552815006,TV-14
qthompson,Palestinian Territory,Baby Mamas,2023-02-19,57.881240976511585,PG
bsantiago,Micronesia,The Last Dance,2023-02-11,72.18989975346622,TV-MA
andrea60,South Africa,Ankahi Kahaniya,2022-06-17,6.4280682539172185,TV-MA
santiagosarah,Reunion,The World We Make,2022-07-06,94.85468539703915,TV-MA
sanchezwalter,Netherlands Antilles,Across the Universe,2022-11-01,51.075981668077915,TV-MA
framirez,Malawi,PJ Masks,2023-05-19,92.5000375235022,TV-14
lauren56,French Guiana,Frat Star,2022-07-30,23.80659601023619,TV-14
ilewis,Iran,The Resistance Banker,2023-02-23,55.52999058025746,TV-MA
harpersara,Zambia,"Best Wishes, Warmest Regards: A Schitt's Creek Farewell",2023-04-08,56.34086170097602,TV-14
juliehansen,Malaysia,Residente,2022-12-04,93.83570003898029,TV-14
stephenwood,Pitcairn Islands,Hajwala: The Missing Engine,2022-06-22,71.7767737228639,TV-Y
nicholassmith,Australia,The Longshots,2023-06-03,9.11861129597149,TV-MA
gomezwayne,Argentina,Diagnosis,2022-10-22,12.737599155011203,TV-MA
kimberly45,Liberia,Real Rob,2023-01-23,52.86693744859564,TV-Y7
bharding,Comoros,Urvi,2022-08-05,46.14035895902926,TV-14
stephanie39,Tunisia,The Grandmaster,2023-05-13,82.33120975070163,R
david93,Saint Vincent and the Grenadines,SanPa: Sins of the Savior,2022-10-02,67.27405680508787,TV-MA
donald86,United Arab Emirates,American Murder: The Family Next Door,2022-12-20,96.04338795159138,TV-Y
tyates,United States of America,Satria Heroes: Revenge of the Darkness,2022-06-30,67.05806159247267,R
angelastafford,Netherlands Antilles,Mariposa,2023-05-10,84.51830424150924,PG
brianwhite,Burundi,Zig & Sharko,2023-04-28,3.7004972419897197,TV-PG
michaelbrown,Falkland Islands (Malvinas),Paskal,2023-02-08,2.8935854835875907,TV-MA
qgardner,Mongolia,Puerto Ricans in Paris,2023-01-30,69.15009806233402,TV-Y7
burnscourtney,Austria,#Alive,2023-03-31,34.694042548750005,TV-14
hsimpson,Qatar,Dragons: Rescue Riders,2022-07-02,79.28471850260227,TV-PG
holly59,Western Sahara,The Fear of 13,2022-11-30,95.23636879520157,NR
kcastro,Estonia,Finding ‘Ohana,2022-08-24,4.695675967106061,TV-Y
kingelizabeth,Peru,The International Player,2022-08-19,50.37827019445813,TV-Y7
carlosrivers,United Kingdom,The Lord of the Rings: The Return of the King,2022-10-20,88.49509730417378,TV-MA
anthony36,Kyrgyz Republic,Adam Devine: Best Time of Our Lives,2023-03-06,94.56305514553853,TV-MA
brittney00,Iran,Death Note,2023-03-03,85.2100135071564,TV-MA
ftate,Norfolk Island,Brother's Shadow,2023-02-28,48.08032136680175,R
gstone,Liberia,The Great Hack,2022-06-20,47.92811192320534,TV-MA
ysolis,Montenegro,Sabrina,2022-08-14,92.68878733683948,TV-14
connie28,Samoa,The Road to Calvary,2022-10-12,65.58226476715248,PG-13
kyle00,Northern Mariana Islands,Zoot Suit,2022-07-04,36.33279545640059,TV-MA
bryce25,Congo,Hard Kill,2022-07-11,6.632604150505495,TV-MA
zday,Solomon Islands,USS Indianapolis: Men of Courage,2022-09-27,42.40175770369149,TV-MA
asanders,Australia,Burned Cocoon,2023-01-02,54.09701217210521,TV-MA
bethanyfarrell,Svalbard & Jan Mayen Islands,DRAGON PILOT: Hisone & Masotan,2023-02-28,89.96982405703933,TV-Y
tapiajulie,South Africa,The Blue Lagoon,2023-03-28,85.05676363176421,TV-PG
kimberlywright,Bahrain,Butterfield 8,2022-10-02,48.60664111124322,NR
irogers,Latvia,Who Killed Malcolm X?,2022-09-04,69.12959658080737,TV-PG
travisjones,Norfolk Island,Luccas Neto in: Children's Day,2022-11-06,9.017318803345486,TV-MA
ystanley,Chad,Operation Gold Rush,2023-01-27,85.25840597615088,R
henryjerry,Djibouti,Mob Psycho 100,2022-08-07,39.79712323730511,TV-MA
hollyriley,Pitcairn Islands,Bosta,2022-09-18,54.258604328469914,TV-MA
singhjean,Australia,Monster High 13 Wishes,2023-01-10,55.882960181117035,R
brittany67,Luxembourg,Lupin the 3rd: The Castle of Cagliostro: Special Edition,2022-11-10,39.6767971331646,TV-14
melanieturner,Honduras,Behind the Newsroom,2023-02-24,86.3821721382844,TV-MA
judith10,Equatorial Guinea,Merlin,2022-09-10,68.24415299958056,TV-PG
andrewhart,Tonga,Jimmy Carr: Funny Business,2023-05-13,16.802980817118296,TV-PG
johnsonsandra,Trinidad and Tobago,Stereo,2023-02-04,75.48393615012968,PG-13
tyler04,Norway,Fate/Apocrypha,2023-02-24,64.17539415595827,TV-14
hmontgomery,Chad,Pope Francis: A Man of His Word,2023-06-07,60.84486622714452,TV-14
xcoleman,Guinea-Bissau,Being Napoleon,2022-12-29,82.79201942688846,R
sonya43,El Salvador,Park Na-rae: Glamour Warning,2022-07-20,92.8403719438369,PG-13
raymond25,Ecuador,West Coast,2023-06-10,44.821979102338425,TV-MA
lauramartinez,Burkina Faso,Ibiza,2022-06-27,12.029472707457911,TV-14
cochranrobert,Reunion,You're My Boss,2022-09-19,69.35055527000532,TV-MA
maryspencer,Barbados,The Dream Job,2023-05-27,41.15494796756549,R
harold17,American Samoa,Metro,2022-12-30,85.62072089167565,TV-MA
sherry93,Marshall Islands,Free Willy,2022-10-03,36.384385042815936,TV-14
brandi56,Papua New Guinea,Sons of the Caliphate,2022-10-24,77.87917935007191,TV-MA
juliehansen,Japan,War,2022-10-05,98.90806765375345,TV-MA
sweaver,Cook Islands,Searching for Sugar Man,2023-06-05,21.61862991306206,PG-13
lroth,Qatar,Twirlywoos,2022-10-02,33.524257723700934,TV-14
reevesbrandi,Estonia,Rogue City,2022-08-03,92.13372239513107,PG-13
xmitchell,Turkmenistan,Monkey Twins,2023-03-22,98.90994700887234,TV-MA
carlwilson,Hong Kong,The Highwaymen,2023-01-02,47.02064440691488,R
jameslaura,Solomon Islands,Bella and the Bulldogs,2022-07-20,33.986919428585814,TV-MA
mia94,Nauru,Power Rangers Dino Thunder,2023-06-04,76.27382230014177,R
josephdavis,Reunion,The Command,2022-06-16,67.84171542531082,TV-MA
wfisher,Cameroon,Slasher,2023-03-02,49.34176668937983,TV-MA
annegarcia,British Indian Ocean Territory (Chagos Archipelago),Sweet Girl,2022-11-18,48.22969003029913,TV-MA
julie55,Mexico,Perfume,2022-06-30,47.85636584249654,TV-MA
whitemarvin,Ethiopia,Bigfoot Family,2022-06-20,0.7786821844189884,TV-14
fmiranda,New Caledonia,A Night at the Roxbury,2022-07-30,69.31932732920727,TV-MA
john59,Burkina Faso,Jonathan,2023-01-11,15.904981565058007,TV-MA
wesleyjenkins,Equatorial Guinea,Dawn of the Croods,2023-02-20,60.345735441472534,TV-Y7
davidmcfarland,Uganda,Yoo Byung Jae: Discomfort Zone,2022-11-10,11.442226084597063,TV-14
caldwelljeffery,Cook Islands,Midnight Diner: Tokyo Stories,2022-09-28,49.07737236493111,TV-MA
baileydonna,Samoa,5Gang,2023-05-29,12.431591635895401,TV-14
catherine60,Timor-Leste,Bulbbul,2022-10-03,88.45430849193774,TV-MA
daviscolin,Saint Lucia,"Ayotzinapa, el paso de la tortuga",2023-03-20,47.38350087430886,PG-13
longkatherine,Kazakhstan,Çok Filim Hareketler Bunlar,2023-04-12,87.28947800141397,TV-MA
karen46,Netherlands Antilles,Paharganj,2023-01-17,13.959483731131538,TV-Y7-FV
proctortina,Isle of Man,Mehandi Circus,2023-01-12,14.83888728899776,TV-14
spencerandrew,Saint Vincent and the Grenadines,Awe,2022-08-08,80.06467550501748,TV-14
parkdonna,Bulgaria,The Time Machine,2022-12-17,17.09268233337363,TV-MA
istrickland,Montenegro,Eeb Allay Ooo!,2023-04-10,82.18058047739231,TV-PG
richardallison,Sao Tome and Principe,Shiva: Journey to Plunotaria,2023-03-24,26.589522604550208,PG-13
joshua72,Belarus,The Protector,2022-07-18,84.36103349279631,TV-MA
anovak,Somalia,Pinkfong & Baby Shark's Space Adventure,2023-02-17,73.19321927001276,TV-14
kzuniga,Nepal,The World's Most Wanted Animal,2022-11-19,36.02183351661851,TV-PG
daniel92,Swaziland,The Good Detective,2022-08-28,3.8672857402391236,TV-Y7
odillon,Vietnam,Super Bheem,2023-01-25,82.19516378363062,R
tammymartinez,Indonesia,Tom Segura: Mostly Stories,2023-01-28,35.23784501372245,TV-14
zbarrera,Gibraltar,Inside the Real Narcos,2023-01-24,28.7242770754329,TV-MA
timothywhitaker,Spain,Motu Patlu in Hong Kong: Kung Fu Kings 3,2022-10-16,83.06069739591611,TV-MA
lucaswalker,Belize,Father Brown,2023-03-02,64.48446992952816,TV-Y7-FV
wbarker,Falkland Islands (Malvinas),The Music of Silence,2023-06-15,30.44202083956885,TV-MA
lhamilton,Antigua and Barbuda,When Heroes Fly,2022-07-13,47.90298445756991,TV-MA
huntkatrina,Turkey,Care Bears & Cousins,2022-09-14,56.93097613449799,R
smithwilliam,Timor-Leste,Kuldip Patwal: I Didn't Do It!,2022-12-12,76.97870597389179,TV-G
amberwilson,Pitcairn Islands,BASEketball,2022-10-24,74.56338703081985,TV-MA
marshallmiranda,French Southern Territories,Union Leader,2023-02-18,34.95717306370143,G
jeffery72,Eritrea,Stretch Armstrong: The Breakout,2023-05-29,51.99320810503354,TV-MA
winterslucas,Benin,The Amazing Praybeyt Benjamin,2023-03-09,56.34800996783794,R
michelledawson,Bouvet Island (Bouvetoya),Bugs,2023-05-19,7.69402528116413,TV-PG
geoffrey50,Wallis and Futuna,Love Shot,2022-11-09,15.833862383389263,TV-MA
austinadams,Kuwait,Jani Dueñas: Grandes fracasos de ayer y hoy,2022-11-20,1.070395095646015,TV-14
lhamilton,Antigua and Barbuda,Whindersson Nunes: Adult,2022-09-25,36.318291507175495,TV-MA
janicealvarez,Botswana,Forged in Fire,2023-03-11,23.841724938685203,TV-MA
riosdennis,Cote d'Ivoire,All Hail King Julien,2022-06-18,42.349986500979,R
brownscott,Angola,Tune in for Love,2022-07-18,97.12842272631292,TV-MA
holly58,Hungary,Room for Rent,2022-09-28,42.0443843987086,R
kparker,Indonesia,Really Love,2022-07-23,28.19651043009035,TV-Y7
hallcindy,Kenya,The Ballad of Buster Scruggs,2022-11-13,59.37151737994005,TV-14
weisskerri,Greece,India: Nature's Wonderland,2022-06-20,38.788263172340166,R
saragonzalez,Burundi,Trailer Park Boys: Out of the Park: Europe,2022-11-22,8.287008820025477,PG-13
scott06,Paraguay,Penguin Bloom,2022-08-27,14.812030291364009,TV-Y
duncanjohn,Suriname,Sadie's Last Days on Earth,2022-11-10,10.840737798306499,TV-14
shanenielsen,French Polynesia,The Brave One,2023-01-01,52.348825413051095,TV-14
mgilmore,Seychelles,A Yellow Bird,2023-02-14,90.16098498702996,PG
cyoung,Belize,Blind Detective,2023-05-06,98.63639307507167,TV-14
iross,Equatorial Guinea,My Unorthodox Life,2023-03-28,33.15820472575491,TV-Y7
robertcalhoun,United States Minor Outlying Islands,Behind Enemy Lines,2023-04-05,0.640146882082282,TV-14
jwalter,Tonga,Paranormal Survivor,2023-04-28,72.87486546349636,TV-14
davissteven,Nauru,Carol,2023-03-02,66.78817534790184,TV-MA
hansondaisy,Greece,Secret Magic Control Agency,2023-04-06,25.78536443658228,TV-MA
hilljason,British Indian Ocean Territory (Chagos Archipelago),Jacob's Ladder,2023-06-07,69.02032323663546,TV-MA
aguilarbarry,Slovakia (Slovak Republic),A Russell Peters Christmas,2022-11-15,76.67297705503194,TV-PG
yaguirre,Nigeria,Hold the Dark,2022-08-03,49.62376345808812,TV-MA
pagemichael,Equatorial Guinea,Why Do Fools Fall in Love,2023-05-22,26.07009733747151,R
zibarra,Micronesia,The Land of Hypocrisy,2022-11-10,16.189814632229414,TV-14
hlevine,Yemen,Birdshot,2022-12-22,93.21343168346628,TV-MA
torresdarlene,Oman,Blackway,2023-01-11,37.85069300166079,TV-MA
juliakennedy,El Salvador,Song Exploder,2022-07-15,80.51186317050687,R
nshaw,Russian Federation,The Longest Yard,2022-07-14,34.79890128396682,TV-MA
probertson,Poland,Bala Loca,2022-08-19,6.6484373566595085,TV-MA
michael61,Niger,Bibi & Tina: Girls Versus Boys,2022-08-29,75.43967821043267,TV-14
rpowers,Uzbekistan,Valeria,2022-10-31,92.27744234790215,PG-13
grahamcaleb,Singapore,All American,2022-12-17,79.59000777007661,TV-Y7
cmorrison,Saint Kitts and Nevis,What We Wanted,2023-01-08,48.140285344900605,TV-MA
htanner,French Guiana,The Emigrant,2023-02-03,50.9902000001407,TV-MA
smithpatricia,Vanuatu,She's Out of My League,2022-12-06,43.53119701059073,TV-MA
kmontes,Jordan,Blue Jay,2022-09-15,73.37924414576274,TV-G
ybrown,Croatia,Head On,2023-02-14,40.31512416664924,TV-MA
renee04,Equatorial Guinea,Red,2023-05-06,87.11940910683914,PG-13
richardgarcia,Uruguay,Bandie,2022-10-06,96.88744100384007,TV-MA
christopher41,Vietnam,H,2023-01-18,30.703040549579875,TV-PG
glenn84,British Virgin Islands,Le K Benzema,2023-01-28,5.234767552546627,TV-MA
wattsdesiree,Ghana,The Originals,2023-04-28,48.0692255380798,TV-MA
dmoore,Bouvet Island (Bouvetoya),Rock the Kasbah,2023-02-16,63.99891662382602,PG
hudsonlisa,Bosnia and Herzegovina,Freeway: Crack in the System,2023-01-30,68.97828688400128,TV-14
knoxsherri,Hungary,Resort to Love,2022-08-08,78.56076859147795,PG
jonesmichael,Puerto Rico,Indiana Jones and the Kingdom of the Crystal Skull,2022-06-15,99.58258402715636,R
michellevega,Tuvalu,Modest Heroes: Ponoc Short Films Theatre,2022-10-14,69.80474895565384,TV-MA
emorales,Malawi,Dharmakshetra,2023-06-05,18.732565760808118,R
matthew08,Ecuador,Ha Unlimited,2023-05-27,7.850714059397534,TV-PG
smithjohn,Iceland,Desperados,2023-06-13,80.68546090386246,TV-14
dwayneking,Venezuela,Chasing Trane,2023-06-06,39.00683682046318,R
wyattrebecca,Malaysia,Miniforce X,2023-06-15,26.652194492356816,TV-14
willie50,India,The End of Evangelion,2022-10-06,98.261222318635,TV-PG
amy11,Maldives,Fairy Tail,2022-11-27,96.8568353780597,R
kevinsparks,Iran,The King's Speech,2023-05-03,50.759341307098914,TV-14
tylerhanson,Jersey,Tiny House Nation,2023-05-13,56.77626408378408,R
cindyreyes,Jamaica,Unacknowledged,2022-08-17,37.11819239970235,TV-MA
joan18,Libyan Arab Jamahiriya,Hitch,2022-08-28,40.54418530464316,TV-Y7
adamrobbins,Eritrea,Barbie Big City Big Dreams,2022-07-25,2.2555348748988124,TV-14
rbailey,Saint Barthelemy,Santa Pac's Merry Berry Day,2022-08-27,85.91045433240943,TV-PG
navarroleroy,Svalbard & Jan Mayen Islands,Shine Your Eyes,2022-06-20,82.53781654925046,TV-14
sperez,San Marino,Thimmarusu,2023-03-01,62.30761606062444,TV-14
fstanley,Somalia,Private Network: Who Killed Manuel Buendía?,2022-11-19,49.298064141086584,R
whiterebecca,French Guiana,Lo and Behold: Reveries of the Connected World,2023-01-02,92.05967299805687,TV-MA
samuel50,Nicaragua,Tremors,2022-07-25,72.12517252459864,R
andersonsteven,Reunion,The Night Clerk,2022-09-28,67.70008037419547,TV-PG
evelyn75,Papua New Guinea,The Parisian Agency: Exclusive Properties,2022-10-12,18.81632939327553,TV-MA
april84,Cuba,Pororo - The Little Penguin,2023-01-26,49.33000331987364,TV-14
ypruitt,Malaysia,Bo on the Go!,2023-03-04,37.635177344948126,TV-14
donaldruiz,Namibia,Aziza,2023-01-16,51.87026525875117,TV-MA
stephanie29,Barbados,Kissing Game,2022-08-26,0.03536125635391629,TV-MA
scottmiller,Tunisia,Don’t Listen,2022-07-26,37.25092702412525,TV-MA
pblack,Namibia,Listen,2023-02-14,87.2085458935468,TV-PG
hrobinson,China,The Fear of 13,2022-08-30,72.81926843665211,TV-14
vhall,Romania,Voltron: Legendary Defender,2022-10-20,72.8838890077132,TV-Y
mjames,Guernsey,Zindagi Gulzar Hai,2022-07-06,0.7901456393403672,TV-PG
fdavis,Senegal,Borderline,2022-10-23,57.00172627573359,TV-Y
scott72,Trinidad and Tobago,District 9,2023-03-08,24.62760286527771,TV-MA
richardsmith,Tokelau,Country Comfort,2023-01-17,23.684449082271243,TV-MA
ronald44,Papua New Guinea,Rip Tide,2022-09-22,62.38149720579097,TV-MA
steven13,Zimbabwe,ROMA,2022-12-27,50.675555551664964,TV-G
stacygallegos,Timor-Leste,Grego Rossello: Disculpe las molestias,2022-10-14,53.541321212196635,TV-14
efitzgerald,Saint Lucia,Death at a Funeral,2023-02-24,49.008321324303104,TV-MA
elizabeth87,Norfolk Island,Jim Gaffigan: Beyond the Pale,2023-05-14,15.934087167181488,TV-PG
jillian85,Jordan,Vizontele,2023-01-23,76.79801710193914,TV-MA
olowe,Ecuador,Imperfect,2022-06-20,41.77801166909365,TV-PG
rodriguezwalter,Niue,A Perfect Ending,2022-12-08,73.52154675365547,TV-MA
vcastillo,Montserrat,When the Camellia Blooms,2022-11-04,75.20040445728236,TV-MA
wrightrick,Maldives,Errementari: The Blacksmith and the Devil,2023-04-15,29.147657884790203,PG
sara34,Faroe Islands,Use For My Talent,2023-06-06,75.4696447764631,TV-PG
bautistamichelle,North Macedonia,The Beginning of Life 2: Outside,2022-11-27,34.23556312859728,TV-14
clong,Dominica,Murder to Mercy: The Cyntoia Brown Story,2023-03-29,56.635725459986794,TV-14
stephen65,Ukraine,An Easy Girl,2023-04-10,48.46728995181533,TV-PG
dmayer,Burkina Faso,A Scandall,2022-12-19,4.028214158697052,TV-MA
robertreese,Gabon,Secrets of Great British Castles,2023-01-02,64.75432540568052,TV-MA
lballard,Bermuda,The Super Mario Bros. Super Show!,2022-07-05,25.544942007157655,TV-14
qmccall,Montenegro,Fire in Paradise,2023-01-12,63.68992126583497,TV-PG
gonzalezalex,Nicaragua,Daagdi Chaawl,2022-12-13,57.52410630986993,TV-PG
bvillanueva,North Macedonia,DeRay Davis: How to Act Black,2023-01-26,56.02740188050498,TV-MA
tonyeaton,Luxembourg,The Resistance Banker,2022-10-24,87.93717830006723,TV-14
terri71,Uruguay,Teresa,2022-09-02,24.439097917766784,TV-14
christopher13,Senegal,Son of a Gun,2023-02-02,10.635659424724352,TV-14
wendymiller,Western Sahara,"Club de Cuervos Presents: I, Potro",2022-08-27,5.533950204963201,TV-14
joseph36,Cape Verde,Myth & Mogul: John DeLorean,2023-05-19,50.38584819802403,TV-MA
bryanjackson,Macao,Kill Command,2023-05-15,86.31548314491273,TV-MA
roseamy,Bouvet Island (Bouvetoya),Boy and the World,2023-03-02,45.788433391026764,TV-MA
collinsthomas,Bhutan,Head On,2022-07-19,57.15986336039628,R
parkerpamela,Russian Federation,Amy Schumer Growing,2022-08-22,32.14456463182545,TV-G
matthewmartinez,Bosnia and Herzegovina,The Dark Side of Life: Mumbai City,2022-10-25,75.45441666387941,TV-14
pwilliams,Bangladesh,ARASHI's Diary -Voyage-,2023-03-03,85.97136569878916,R
cervantesruben,San Marino,Unacknowledged,2023-01-31,14.909630237982807,TV-PG
joshua13,Uruguay,Zulu Man in Japan,2022-12-27,89.42415669698266,TV-14
lewisdenise,Belize,Chhota Bheem aur Krishna vs Zimbara,2022-12-26,60.84831194925727,TV-Y
parsonstammy,Cape Verde,Prince Jai Aur Dumdaar Viru,2022-08-10,10.236204014472438,TV-G
mjacobson,Heard Island and McDonald Islands,Pusher,2023-04-11,38.68846916641442,TV-MA
zrowe,Cote d'Ivoire,Barcelona: A Love Untold,2022-08-03,30.61191396947056,R
mooremelanie,Peru,My Heroes Were Cowboys,2022-11-18,24.779976460361773,TV-MA
kramerabigail,Thailand,Psychokinesis,2023-01-08,97.07656720950419,TV-14
kramerabigail,Thailand,The Mechanism,2022-09-04,10.785531566281604,TV-MA
mmeyer,Myanmar,Transformers: War for Cybertron: Kingdom,2023-02-23,80.55766737804791,TV-Y7
joyce51,France,Twirlywoos,2023-02-20,60.71020101929393,TV-14
anthony19,Antarctica (the territory South of 60 deg S),Heroin(e),2022-09-01,93.57812547858575,TV-14
asimmons,Equatorial Guinea,Ha Unlimited,2023-06-15,68.42741446800316,TV-MA
nicolehoward,Bosnia and Herzegovina,La Esclava Blanca,2023-04-17,82.55198048823786,TV-MA
iluna,Madagascar,Winter's Bone,2022-08-21,30.063834853258054,PG-13
uelliott,Myanmar,Muqaddar ka Faisla,2023-02-21,93.256546853905,TV-14
hfreeman,Taiwan,Dark Forces,2023-05-04,33.60268844575363,TV-14
erika07,Timor-Leste,Elizabeth Harvest,2023-01-14,99.17878156591898,TV-MA
fergusonchristopher,United States of America,Final Destination 2,2022-12-18,78.41213072413802,TV-MA
horngregory,Martinique,Timeline,2022-11-06,15.338901238989354,TV-PG
pattongina,Bosnia and Herzegovina,Tobot,2023-01-23,20.94856091103233,TV-Y
lanejill,Nigeria,Oloibiri,2022-10-09,37.609986974069464,TV-Y7
robinpatterson,Lithuania,Sons of Ben,2022-08-05,61.81405470936989,TV-MA
kylecardenas,Mali,Undercover: How to Operate Behind Enemy Lines,2022-12-14,4.54179894743273,TV-14
derrick19,Mongolia,Untold: Deal With the Devil,2022-10-17,70.63399685173557,TV-PG
burtonleah,French Southern Territories,The End,2022-12-08,22.73576713827925,TV-MA
ftate,Norfolk Island,Chhota Bheem & Krishna: Pataliputra- City of the Dead,2023-05-14,33.922129703377294,TV-MA
sanfordaustin,Slovakia (Slovak Republic),Aerials,2023-05-04,11.237174078510426,R
daniel23,Aruba,It Comes at Night,2022-08-24,58.19419200246996,TV-MA
swhite,Greece,Star Trek: The Next Generation,2023-05-02,51.28709979611531,TV-14
jasonburns,Anguilla,Click for Murder,2022-07-30,6.301635135779204,TV-MA
mike29,Mayotte,American Murder: The Family Next Door,2022-12-15,99.57443125115607,TV-14
iluna,Madagascar,The Indian in the Cupboard,2022-10-30,4.5484730313839705,TV-14
bowmandennis,North Macedonia,From Japan to Egypt,2022-08-20,10.681493328661073,TV-MA
reedgary,Tonga,Mean Dreams,2023-01-27,32.04368758096325,TV-MA
juanhoward,Sri Lanka,Yoo Byung Jae: Too Much Information,2022-09-14,6.141776315346393,TV-MA
brandon18,China,Habibie & Ainun,2022-11-06,61.5849504096816,TV-MA
morrisvicki,Eritrea,Why Do Fools Fall in Love,2023-05-03,48.916567193663454,R
boothmichelle,Syrian Arab Republic,The Pirates! Band of Misfits,2023-03-15,97.00681918147824,TV-MA
deanna92,Mexico,The American President,2022-10-27,48.728857016682866,R
mackenzierichardson,Japan,Breaking Free,2023-04-05,53.85881287953325,R
cobbkayla,China,Born to Play,2023-02-24,30.745445660623773,TV-MA
gpatterson,Algeria,Action Replayy,2022-08-15,86.9004697636213,TV-14
anichols,Senegal,Ip Man 3,2022-08-08,57.17154365370883,TV-MA
vasquezedgar,Saint Martin,The Witch: Part 1 - The Subversion,2022-12-24,47.39112159558317,TV-Y
mcphersonmike,Cote d'Ivoire,Blue Jay,2022-12-21,8.238675023250009,TV-MA
simmonswillie,Saudi Arabia,Kuppivala,2023-01-23,46.075384118156826,TV-14
simonkimberly,Chile,Frozen River,2022-10-26,8.09508551627709,TV-PG
bradleybell,Jersey,El club de los insomnes,2022-07-26,39.28948285496852,TV-Y
stricklandkenneth,Timor-Leste,Silencer,2022-08-25,63.536489776173745,TV-MA
myersjulie,Bosnia and Herzegovina,Baahubali 2: The Conclusion (Hindi Version),2023-03-15,63.18040509131184,R
eevans,Nepal,From Dusk Till Dawn,2022-10-18,73.31888317537702,TV-14
raybryan,Bahamas,I Am Not Madame Bovary,2023-05-06,35.56179615447746,TV-14
hernandezrebecca,Saint Lucia,Burned Cocoon,2023-03-13,85.10098707782849,TV-MA
parkerrose,Mali,Medium,2023-05-16,95.38159275210802,TV-PG
donna49,Ukraine,The Cloverfield Paradox,2023-01-10,41.78753951352577,TV-MA
kmcdonald,Bulgaria,Revelations,2023-03-16,51.85938864393498,TV-PG
leslie86,Switzerland,Daddy Day Care,2023-03-09,67.70032743931012,TV-MA
cynthia28,Malta,Streets of Fire,2023-04-30,69.7528459705673,TV-14
stephanie94,Mauritius,Luciano Mellera: Infantiloide,2023-03-03,63.96153431247134,TV-MA
sheliafaulkner,Greenland,The Chefs' Line,2023-01-14,61.01882702907906,TV-MA
xsmith,Faroe Islands,Hostage House,2023-01-20,81.21734063854424,TV-MA
barnesjulie,Poland,Strongest Deliveryman,2023-05-08,34.56165470719421,TV-MA
njackson,British Indian Ocean Territory (Chagos Archipelago),Unruly Friends,2022-07-11,22.859477448835296,TV-MA
crystalward,Myanmar,50M2,2023-05-27,88.26538297616938,TV-MA
stricklandlisa,Uzbekistan,​SAINT SEIYA: Knights of the Zodiac,2022-12-15,24.30412939863883,TV-14
jeremyho,Namibia,P Se PM Tak,2022-06-25,89.536421630103,TV-G
oneillbenjamin,Guinea,Eeb Allay Ooo!,2022-08-22,32.09609456002528,TV-MA
ojohnson,Cyprus,God's Not Dead,2022-12-27,41.29601097889264,TV-G
cabreragregory,Mongolia,Mean Girls 2,2022-08-17,92.14591144082611,TV-14
klee,Syrian Arab Republic,Eden,2023-04-29,48.14231696679783,TV-MA
jperez,Madagascar,Under Arrest,2022-09-01,49.537648453373784,TV-G
edwardsnicholas,Thailand,Asperger's Are Us,2023-03-04,1.7983465917662977,R
ohicks,Lao People's Democratic Republic,Hannah Gadsby: Douglas,2023-02-25,11.502210639948274,TV-MA
elizabethhill,Falkland Islands (Malvinas),Crimson Peak,2022-08-30,99.52011924096482,NR
bradleythompson,Guatemala,Mahi NRI,2022-09-23,69.87102489296642,TV-PG
williamharvey,Saint Lucia,Black Site Delta,2023-05-02,83.78533074956717,TV-MA
christinahensley,New Caledonia,We're Lalaloopsy,2022-10-24,40.452059338779364,TV-MA
andrewwarren,Cocos (Keeling) Islands,Oh Yuck,2022-06-22,73.46133178295672,TV-PG
anne86,Venezuela,Surviving R. Kelly Part II: The Reckoning,2023-03-10,68.82039154553736,TV-14
rcox,Saint Martin,100 Things to do Before High School,2023-06-12,39.74819388406746,TV-MA
tannerrichard,Morocco,Dennis and Gnasher Unleashed,2023-04-12,80.10446615691446,R
charlesrussell,Tunisia,Audible,2023-06-11,74.4776099474222,TV-G
stephanie56,Denmark,Elf Pets: Santa’s Reindeer Rescue,2022-12-19,65.47012816243601,TV-Y7
bruce65,San Marino,Grandmother's Farm,2023-03-28,86.18730640166993,TV-Y
brenda30,Hong Kong,Teshan,2023-05-12,25.95766765527978,TV-MA
amberpark,Macao,Chris Tucker Live,2023-03-13,52.04137960515002,TV-PG
derrick19,Mongolia,Dr. Seuss' The Lorax,2022-10-08,88.12345761355938,TV-MA
steven87,Bahamas,Beyblade Burst Evolution,2022-08-03,26.98600968462468,TV-MA
samanthaglenn,Malawi,The Paper,2023-06-03,97.84837607743316,TV-MA
arianatodd,Guadeloupe,Earth's Natural Wonders,2022-12-30,69.78888808502558,TV-14
laurastrong,Rwanda,AMO,2023-03-12,32.38365393780548,TV-Y
santiagosteven,Turkmenistan,Fire in the Blood,2022-07-26,85.7531148683711,TV-MA
tiffany58,Marshall Islands,Emogenius,2022-06-18,59.329400763479946,TV-14
laurie93,Saint Kitts and Nevis,Toro,2022-11-13,64.15859360012848,TV-14
halllaura,Korea,Secrets of Scotland Yard,2023-05-25,46.634904826350706,TV-MA
rodriguezmichael,Spain,The Healing Powers of Dude,2023-03-14,40.28716736194833,TV-MA
erica27,Belarus,Good Kill,2022-09-04,88.45172466001767,R
adkinsanthony,Tokelau,Phone Swap,2022-10-30,0.4938275692763061,TV-14
danielbarnett,Belgium,Kevin James: Never Don't Give Up,2023-06-03,44.86948804305453,TV-PG
marissabautista,Canada,Fate/EXTRA Last Encore,2022-08-11,90.53062089782412,TV-14
john14,Denmark,Blackfish,2023-02-05,83.78793145483577,TV-14
manningmonique,Kazakhstan,Ophelia,2022-06-15,92.27036160713915,R
kevin63,Russian Federation,The Trust,2022-12-16,2.4140823225787367,TV-Y7
princepaige,Micronesia,Punjab 1984,2022-08-06,16.34258696244806,TV-14
sophia56,Pakistan,Chef's Table: BBQ,2022-06-16,6.034549720113103,TV-MA
terrellsteve,Cocos (Keeling) Islands,Crime Diaries: Night Out,2022-12-27,21.85518135814145,TV-14
lpacheco,Equatorial Guinea,Magic Snowflake,2022-09-21,64.76929632553608,TV-Y7
valerieevans,Lesotho,Day and Night,2023-01-20,79.82768590083158,PG
francoernest,Palau,Naga The Eternal Yogi,2022-07-26,3.302078140720599,TV-14
renee09,Mozambique,The Babysitter: Killer Queen,2022-07-01,84.6479985609528,TV-Y
barnesdonald,Norway,Trolls Holiday Special,2022-08-13,56.88117538895888,TV-14
afloyd,Puerto Rico,The Master,2023-01-11,77.43512429385406,TV-PG
patrickwhite,Grenada,Equals,2023-02-05,23.236221981502414,TV-Y
olivia46,Tanzania,COMEDIANS of the world,2023-02-12,95.1503879558376,TV-14
adamjones,British Indian Ocean Territory (Chagos Archipelago),The Blacklist,2023-05-03,61.05984776302593,PG
wilsonalexandra,Belarus,Spotlight,2022-11-13,33.62856198834137,TV-14
shawn45,Seychelles,The Rope Curse 2,2022-11-03,66.76974144133139,TV-MA
parksteresa,Kiribati,House Party,2023-06-05,44.737422728685615,TV-MA
michael15,Croatia,The Road to Love,2022-09-30,89.05396773694137,TV-14
kristen01,Syrian Arab Republic,Doctor Bello,2022-12-24,42.257714765221586,TV-MA
fcoleman,United States of America,Monty Python: The Meaning of Live,2023-02-24,90.3153825372284,R
davejackson,Turkmenistan,Dear Affy,2022-10-02,82.70102239044898,TV-PG
larryprice,Greece,Ainsley Eats the Streets,2023-05-24,18.286942030364273,TV-MA
jenniferwilliams,El Salvador,Fear Street Part 1: 1994,2023-02-15,69.13981014619728,TV-14
baileycindy,Germany,"Hail, Caesar!",2023-03-05,17.185825515015672,TV-PG
stacy61,Lesotho,Octonauts & the Caves of Sac Actun,2023-01-27,58.646508273947695,TV-14
harveypamela,Botswana,Wadi,2023-02-18,40.70532598109896,PG-13
vlowe,Azerbaijan,Ho Mann Jahaan,2022-12-22,38.56013762969487,TV-MA
hbarajas,Congo,Paid in Full,2022-08-03,17.744375281533554,TV-14
graymatthew,Niger,Dino Girl Gauko,2022-08-30,46.74132003161038,TV-Y7
clarkamanda,Trinidad and Tobago,Last Night,2023-03-20,51.103551743515,TV-MA
kellymcknight,Uganda,Super Dark Times,2023-01-17,39.041588382798324,TV-14
ryanyoung,Togo,Power Players,2022-10-27,13.780026312758476,TV-MA
athomas,Trinidad and Tobago,Frequency,2022-11-26,53.69299717744278,TV-14
tharrison,Greenland,Chernobyl Diaries,2022-09-11,6.945411967875326,TV-14
carlmcgee,Latvia,"Norm Macdonald: Hitler's Dog, Gossip & Trickery",2022-08-18,55.16431807245852,TV-MA
lynn93,Senegal,Nayattu,2023-04-26,75.92893856641865,NR
donnadominguez,Japan,Duplicate,2022-11-04,86.75965759955525,TV-PG
reedjessica,Norway,Be with Me,2023-03-19,22.358998846741397,TV-14
jaclyn66,Portugal,Poms,2022-11-20,80.55561164878561,TV-14
edward37,Saint Helena,La Niña,2023-04-30,76.51940203558124,TV-MA
amandacooper,Benin,John Mulaney: The Comeback Kid,2022-12-25,94.84200328090951,TV-MA
nicholasrice,Serbia,Monty Python Conquers America,2023-05-31,9.597734208006736,TV-Y
qmccall,Montenegro,Caregiver,2023-06-10,10.13042719653866,PG-13
elliottjohn,Marshall Islands,Get Santa,2023-01-26,79.80294983274638,TV-MA
whitakerjennifer,Denmark,Frozen River,2022-10-21,89.358246914244,TV-14
heatherpayne,Uganda,Star Trek: The Next Generation,2022-07-06,9.28503523736197,TV-14
elowe,Netherlands Antilles,Empire of Scents,2022-07-17,26.267377809952308,TV-Y
higginsbrenda,French Southern Territories,Pineapple Express,2022-11-24,4.664315142290743,PG-13
moorerichard,French Guiana,Night in Paradise,2022-06-29,20.141073345606554,TV-PG
alexander58,Comoros,Bangkok Buddies,2023-06-15,80.46728585562738,TV-MA
jesus82,Nauru,High & Low The Red Rain,2023-04-16,16.58237778714604,TV-MA
webbjames,Bhutan,"27, el club de los malditos",2022-09-16,50.548252965745334,TV-G
greese,Uganda,Edge of Seventeen,2022-07-25,7.755564849792473,TV-MA
ohicks,Lao People's Democratic Republic,Blue Jasmine,2023-02-11,57.07205441803486,TV-Y
mary85,Sudan,Psiconautas,2022-09-12,73.42777429883073,TV-14
jjohnson,British Indian Ocean Territory (Chagos Archipelago),Locke & Key,2022-10-09,61.145637178194065,TV-MA
kayleebrandt,Denmark,I Dream Of Dance,2023-04-20,97.16687866004943,R
gary70,Congo,The Short Game,2023-01-20,92.3977771525878,TV-G
smithanna,Armenia,The Adventures of Sonic the Hedgehog,2022-08-19,66.93048324470094,NR
tamara05,Martinique,Sunrise,2023-06-15,60.91780883211303,TV-G
webbjeffery,Tajikistan,Wira,2022-07-23,62.976942230486834,PG
levans,Iran,Bleed for This,2022-09-17,53.52934833016788,R
junderwood,Kiribati,Urvi,2023-01-19,25.473581564402316,TV-14
qjackson,Saint Pierre and Miquelon,Chance Pe Dance,2022-08-01,38.44056170547921,PG-13
vincentsara,Mauritius,Battle,2023-02-07,41.65754787753069,R
randy55,Morocco,Little Baby Bum: Go Buster,2023-02-19,17.92150523999766,TV-Y7
mmcintyre,Zambia,Echcharikkai,2022-10-16,79.60664617146753,TV-MA
lewisdenise,Belize,The Rise of Phoenixes,2023-01-09,71.38846648229898,TV-MA
wgarcia,Saint Vincent and the Grenadines,Power Rangers Dino Thunder,2022-11-15,30.6929719143444,TV-MA
thorntonryan,Estonia,The Great British Baking Show: Holidays,2022-10-25,21.862277199110036,PG-13
patriciawhite,Ukraine,Don't F**k with Cats: Hunting an Internet Killer,2022-07-16,79.66911712805917,TV-PG
deleontanya,Malawi,Osuofia in London II,2023-03-16,45.882097284502855,TV-PG
aaronwalsh,Oman,NOVA: Building Chernobyl's MegaTomb,2023-01-01,18.490236854048558,NR
albertgray,Cayman Islands,Power Rangers Jungle Fury,2023-04-26,53.13839121854029,PG-13
edwardslaura,Madagascar,The American Game,2022-12-15,95.00316126078478,TV-Y
millererik,Germany,Harry & Bunnie,2022-12-22,10.147086415539563,TV-MA
jeffrey20,Grenada,Being Napoleon,2023-01-25,14.434196139117228,PG
qpark,Saint Helena,Gender Revolution: A Journey with Katie Couric,2023-01-13,40.302185994800844,TV-14
heatherperez,Solomon Islands,Daniel Sosa: Maleducado,2023-02-22,20.77887447953507,TV-G
luis52,Czech Republic,Amar's Hands,2023-05-17,29.539621405700245,PG-13
webbdaniel,Botswana,Magnolia,2022-10-04,18.657247406179124,TV-14
walkerbrian,Chile,Bitter Daisies,2023-04-02,79.989909694895,TV-14
hbrown,Micronesia,The Edge of Seventeen,2023-03-08,24.739213974975126,TV-MA
patrick90,American Samoa,Vai Anitta,2022-09-25,56.8474928379261,TV-14
david79,Tanzania,Strongest Deliveryman,2022-07-16,38.8890637162852,TV-MA
staceyshepherd,Lithuania,The Letdown,2023-03-02,57.800518645404,R
harmoncourtney,Montserrat,Once Upon a Time in America,2022-07-28,65.96663934535819,TV-Y7
amandaknox,Montserrat,El Chema,2022-12-11,29.94307967130928,TV-MA
hkim,Pitcairn Islands,AlRawabi School for Girls,2023-06-09,57.623197675419235,TV-G
kimberlyperez,Slovenia,NATURE: Natural Born Hustlers,2022-12-12,9.67424913842947,R
kjohnson,Djibouti,Beyond Evil,2023-05-30,57.389662812972574,PG
paul30,Solomon Islands,Titipo Titipo,2022-12-20,7.191872236891495,PG-13
cartermark,Zambia,Boca Juniors Confidential,2022-07-17,76.82345896278684,PG
balexander,Wallis and Futuna,A Perfect Ending,2023-04-15,39.50694841805568,TV-G
john62,Latvia,George Lopez: We'll Do It For Half,2022-11-27,22.791357149972335,TV-MA
ashley21,Israel,Hometown Holiday,2023-03-02,62.34302298790118,TV-MA
rhenry,Solomon Islands,Gatao - The Last Stray,2022-12-31,0.2615076108236969,TV-MA
copelandangela,Uruguay,El fin de ETA,2022-11-05,92.236974533603,TV-14
kristyrodriguez,Guadeloupe,The Parkers,2022-12-04,21.005152623260905,TV-MA
russellbrandon,Kyrgyz Republic,A Young Doctor's Notebook and Other Stories,2022-08-09,89.55484998889973,TV-Y7
dmccormick,Lesotho,If I Leave Here Tomorrow: A Film About Lynyrd Skynyrd,2022-10-12,7.92113914670024,TV-14
ramseymichelle,Isle of Man,To All the Boys: Always and Forever - The Afterparty,2022-12-10,26.14247562595998,R
owilson,Mayotte,Operation Christmas Drop,2023-05-04,89.252319079643,TV-MA
johnrobinson,Thailand,Th Eena Meena Deeka Chase Comedy Show,2023-05-22,53.117577382776645,TV-PG
dakota63,Norway,The Road to Love,2023-06-02,38.46443552697277,TV-G
tinaevans,Belgium,A Glimpse Inside the Mind of Charles Swan III,2022-11-29,45.65052638031304,TV-PG
jenniferturner,Anguilla,Kambili: The Whole 30 Yards,2022-09-23,72.2106714472858,TV-MA
joneslouis,Antarctica (the territory South of 60 deg S),Kidnapping Stella,2022-07-19,83.96274547382694,R
erinkim,Montenegro,When Angels Sleep,2022-12-06,56.56741099900652,TV-14
twilliams,Dominican Republic,"Mariusz Kałamaga, Karol Kopiec, Wiolka Walaszczyk Hilarious Trio",2022-11-13,91.82145865512746,TV-PG
bradynoah,Jamaica,Couple of Days,2023-03-14,38.04502372715714,TV-14
veronica60,Gabon,Littlest Pet Shop: A World of Our Own,2022-12-03,47.55634088586619,TV-MA
cookerobert,Vietnam,The Meaning of Monty Python,2022-09-17,59.37143446461882,G
samuelgomez,Rwanda,Sisters,2022-10-09,58.783220682911534,TV-MA
lstokes,Togo,American Crime,2022-07-26,56.335381174698604,TV-MA
bclark,Denmark,Another Forever,2022-11-01,70.23803635677038,TV-MA
kristenhayes,Czech Republic,Border Patrol,2022-10-04,27.998832801578068,TV-14
tracyharris,Puerto Rico,Under the Shadow,2023-06-03,73.57824306046106,TV-MA
stonematthew,Antigua and Barbuda,Spookley and the Christmas Kittens,2022-08-16,12.261931168626594,TV-MA
nicolehoward,Ghana,Reaction,2023-04-22,21.412248983269187,TV-MA
brent61,Guinea-Bissau,Jenny Slate: Stage Fright,2022-10-08,4.86232996223257,PG-13
raymondyoung,Jamaica,David Batra: Elefanten i rummet,2022-06-22,26.66076666424788,TV-14
christinavasquez,Kyrgyz Republic,Pray Away,2023-01-09,33.42468576914812,TV-MA
cyu,Luxembourg,Unrest,2022-12-07,56.65712461817953,TV-14
middletonmaria,Swaziland,All the Freckles in the World,2022-10-04,24.531814510107285,TV-PG
owensjonathan,Malta,Spinning Out,2023-01-20,64.77425624740565,TV-MA
wilkinssierra,Malta,Brother Jekwu,2022-12-27,2.372963648255877,TV-MA
richardevans,Czech Republic,Love.com,2023-02-01,3.2714175407513757,TV-14
jchan,Senegal,Pandora,2023-05-16,69.19344089560016,TV-MA
frivera,Qatar,Molang,2022-12-18,94.74831368096474,TV-MA
veronica68,Namibia,Penalty,2022-12-12,38.14573510718504,TV-G
reginald92,Colombia,Seven Souls in the Skull Castle: Season Flower,2023-05-21,69.69618357218718,PG
riverajames,Argentina,The Heroes of Evil,2022-11-13,55.77054693063015,TV-14
davisjuan,Liberia,The Rational Life,2022-12-24,94.20452543747425,G
olsonkaren,Bulgaria,Money for Nothing,2023-04-27,72.38805253824752,TV-14
alexwalker,Myanmar,5Gang,2023-02-14,24.14167892602901,TV-Y7
mckaymary,Greenland,Villain,2023-02-01,29.79611126514917,TV-14
jennifer18,Botswana,One 2 Ka 4,2022-12-30,15.547949981178155,R
smithangela,Chile,The Iron Lady,2022-12-23,73.68299490694038,TV-14
simmonsjames,Gibraltar,On Body and Soul,2023-02-05,89.898148874259,TV-14
jenkinsalexandra,Nigeria,Colonia,2023-02-23,6.393173769156291,TV-14
otyler,Slovakia (Slovak Republic),Special Correspondents,2022-07-20,7.177115857886762,TV-MA
debralove,Morocco,Period. End of Sentence.,2023-03-26,25.29601828060224,TV-14
carriemurphy,Syrian Arab Republic,VeggieTales in the House,2023-03-24,81.51698785253133,TV-Y
abigailpitts,South Georgia and the South Sandwich Islands,Rogue Warfare,2022-07-01,55.01363789928687,TV-14
mbrown,Malaysia,Time Trap,2022-11-04,70.08820313830022,TV-14
ygilmore,Nigeria,Narcos: Mexico,2023-06-10,92.43351351836398,TV-MA
stevenross,El Salvador,Outback Truckers,2023-06-01,52.77139677190252,R
douglas31,Benin,Blue Valentine,2023-02-19,76.38659589763435,TV-14
lovemarcus,United States of America,Dive Club,2022-12-21,43.20435995643751,TV-MA
laura25,Liberia,Hitler's Steel Beast,2023-02-20,24.50610111348285,TV-MA
cuevasbreanna,North Macedonia,Sad Hill Unearthed,2022-10-29,36.94449259765315,R
vhill,Iraq,Indoo Ki Jawani,2023-01-03,26.746169652602024,TV-MA
curtis29,Central African Republic,Farce,2022-07-05,96.36023238101743,TV-14
fowlerleah,Bulgaria,YES DAY,2022-12-25,15.505254018175608,TV-PG
gjohnson,Antigua and Barbuda,Christine,2022-08-25,63.566563966723656,TV-PG
charlescoleman,Uganda,Goldie & Bear,2023-02-26,53.53808879260696,TV-14
kathrynbell,Uganda,Adore,2023-03-31,61.448907147306386,TV-MA
rjackson,United States Minor Outlying Islands,Growing Up Wild,2023-05-10,11.375822123459056,TV-MA
hardingaaron,Saint Kitts and Nevis,Prem Ratan Dhan Payo,2022-11-19,87.40490917124906,R
cameronabbott,Saint Kitts and Nevis,Enissa Amani: Ehrenwort,2022-09-19,56.21384520717112,TV-14
